,Date,16-18kg,18-20kg,20-22kg,22-24kg,CPI (Dec20$),,Real 16-18kg,Real 18-20kg,Real 20-22kg,Real 22-24kg
0,10/01/2000,200,205,205,200,0.595,,336.1344538,344.5378151,344.5378151,336.1344538
1,17/01/2000,202,207,205,200,0.595,,339.4957983,347.8991597,344.5378151,336.1344538
2,24/01/2000,198,202,200,198,0.595,,332.7731092,339.4957983,336.1344538,332.7731092
3,31/01/2000,198,202,198,195,0.595,,332.7731092,339.4957983,332.7731092,327.7310924
4,7/02/2000,194,198,192,191,0.595,,326.0504202,332.7731092,322.6890756,321.0084034
5,14/02/2000,189,195,188,186,0.595,,317.6470588,327.7310924,315.9663866,312.605042
6,21/02/2000,190,190,188,185,0.595,,319.3277311,319.3277311,315.9663866,310.9243697
7,28/02/2000,179,186,187,186,0.595,,300.8403361,312.605042,314.2857143,312.605042
8,6/03/2000,177,184,186,186,0.595,,297.4789916,309.2436975,312.605042,312.605042
9,13/03/2000,181,188,186,186,0.595,,304.2016807,315.9663866,312.605042,312.605042
10,20/03/2000,188,193,190,192,0.595,,315.9663866,324.3697479,319.3277311,322.6890756
11,27/03/2000,183,191,190,191,0.595,,307.5630252,321.0084034,319.3277311,321.0084034
12,3/04/2000,183,192,190,191,0.599,,305.509182,320.5342237,317.1953255,318.8647746
13,10/04/2000,183,190,189,191,0.599,,305.509182,317.1953255,315.5258765,318.8647746
14,17/04/2000,183,190,188,190,0.599,,305.509182,317.1953255,313.8564274,317.1953255
15,1/05/2000,178,184,183,189,0.599,,297.1619366,307.1786311,305.509182,315.5258765
16,8/05/2000,177,183,182,188,0.599,,295.4924875,305.509182,303.8397329,313.8564274
17,15/05/2000,169,176,177,186,0.599,,282.1368948,293.8230384,295.4924875,310.5175292
18,22/05/2000,167,174,176,183,0.599,,278.7979967,290.4841402,293.8230384,305.509182
19,29/05/2000,159,166,169,181,0.599,,265.442404,277.1285476,282.1368948,302.1702838
20,12/06/2000,158,164,169,181,0.599,,263.7729549,273.7896494,282.1368948,302.1702838
21,19/06/2000,149,154,164,186,0.599,,248.7479132,257.0951586,273.7896494,310.5175292
22,26/06/2000,141,149,162,185,0.599,,235.3923205,248.7479132,270.4507513,308.8480801
23,3/07/2000,146,151,161,182,0.622,,234.7266881,242.7652733,258.8424437,292.6045016
24,10/07/2000,143,146,159,181,0.622,,229.903537,234.7266881,255.6270096,290.9967846
25,17/07/2000,143,146,159,178,0.622,,229.903537,234.7266881,255.6270096,286.1736334
26,24/07/2000,140,143,147,163,0.622,,225.0803859,229.903537,236.3344051,262.0578778
27,31/07/2000,138,138,144,162,0.622,,221.8649518,221.8649518,231.511254,260.4501608
28,7/08/2000,123,128,138,159,0.622,,197.7491961,205.7877814,221.8649518,255.6270096
29,14/08/2000,125,133,139,162,0.622,,200.9646302,213.8263666,223.4726688,260.4501608
30,21/08/2000,117,126,132,156,0.622,,188.1028939,202.5723473,212.2186495,250.8038585
31,28/08/2000,117,126,132,156,0.622,,188.1028939,202.5723473,212.2186495,250.8038585
32,4/09/2000,113,125,132,158,0.622,,181.6720257,200.9646302,212.2186495,254.0192926
33,11/09/2000,113,129,133,166,0.622,,181.6720257,207.3954984,213.8263666,266.8810289
34,18/09/2000,113,128,132,166,0.622,,181.6720257,205.7877814,212.2186495,266.8810289
35,25/09/2000,110,123,128,166,0.622,,176.8488746,197.7491961,205.7877814,266.8810289
36,2/10/2000,116,114,126,159,0.624,,185.8974359,182.6923077,201.9230769,254.8076923
37,9/10/2000,146,148,152,177,0.624,,233.974359,237.1794872,243.5897436,283.6538462
38,16/10/2000,135,141,146,168,0.624,,216.3461538,225.9615385,233.974359,269.2307692
39,23/10/2000,138,146,151,172,0.624,,221.1538462,233.974359,241.9871795,275.6410256
40,30/10/2000,145,151,154,173,0.624,,232.3717949,241.9871795,246.7948718,277.2435897
41,6/11/2000,145,151,154,173,0.624,,232.3717949,241.9871795,246.7948718,277.2435897
42,13/11/2000,151,156,157,175,0.624,,241.9871795,250,251.6025641,280.4487179
43,20/11/2000,166,169,170,186,0.624,,266.025641,270.8333333,272.4358974,298.0769231
44,27/11/2000,160,167,175,182,0.624,,256.4102564,267.6282051,280.4487179,291.6666667
45,4/12/2000,163,169,176,186,0.624,,261.2179487,270.8333333,282.0512821,298.0769231
46,11/12/2000,160,171,179,189,0.624,,256.4102564,274.0384615,286.8589744,302.8846154
47,18/12/2000,160,173,179,189,0.624,,256.4102564,277.2435897,286.8589744,302.8846154
48,8/01/2001,163,171,179,191,0.631,,258.3201268,270.9984152,283.6767036,302.6941363
49,15/01/2001,168,182,187,202,0.631,,266.2440571,288.4310618,296.3549921,320.1267829
50,22/01/2001,170,184,187,202,0.631,,269.4136292,291.6006339,296.3549921,320.1267829
51,29/01/2001,168,193,199,211,0.631,,266.2440571,305.8637084,315.3724247,334.3898574
52,5/02/2001,190,203,204,218,0.631,,301.1093502,321.7115689,323.296355,345.4833597
53,12/02/2001,195,213,233,242,0.631,,309.0332805,337.5594295,369.2551506,383.518225
54,19/02/2001,195,223,233,251,0.631,,309.0332805,353.40729,369.2551506,397.7812995
55,26/02/2001,195,221,231,251,0.631,,309.0332805,350.2377179,366.0855784,397.7812995
56,5/03/2001,192,223,238,265,0.631,,304.2789223,353.40729,377.1790808,419.9683043
57,12/03/2001,195,224,239,266,0.631,,309.0332805,354.9920761,378.7638669,421.5530903
58,19/03/2001,195,225,241,267,0.631,,309.0332805,356.5768621,381.933439,423.1378764
59,26/03/2001,198,235,250,276,0.631,,313.7876387,372.4247227,396.1965135,437.4009509
60,2/04/2001,198,235,254,284,0.636,,311.3207547,369.4968553,399.3710692,446.5408805
61,9/04/2001,212,241,255,289,0.636,,333.3333333,378.9308176,400.9433962,454.4025157
62,16/04/2001,198,235,245,273,0.636,,311.3207547,369.4968553,385.2201258,429.245283
63,23/04/2001,197,234,238,271,0.636,,309.7484277,367.9245283,374.2138365,426.1006289
64,30/04/2001,197,231,236,271,0.636,,309.7484277,363.2075472,371.0691824,426.1006289
65,7/05/2001,193,227,233,264,0.636,,303.4591195,356.918239,366.3522013,415.0943396
66,14/05/2001,190,224,232,264,0.636,,298.7421384,352.2012579,364.7798742,415.0943396
67,21/05/2001,187,221,230,268,0.636,,294.0251572,347.4842767,361.6352201,421.3836478
68,28/05/2001,187,214,224,269,0.636,,294.0251572,336.4779874,352.2012579,422.9559748
69,4/06/2001,187,211,225,268,0.636,,294.0251572,331.7610063,353.7735849,421.3836478
70,11/06/2001,187,232,243,281,0.636,,294.0251572,364.7798742,382.0754717,441.8238994
71,18/06/2001,187,238,264,294,0.636,,294.0251572,374.2138365,415.0943396,462.2641509
72,25/06/2001,187,254,280,312,0.636,,294.0251572,399.3710692,440.2515723,490.5660377
73,2/07/2001,180,254,281,323,0.637,,282.5745683,398.744113,441.1302983,507.0643642
74,9/07/2001,180,243,276,310,0.637,,282.5745683,381.4756672,433.2810047,486.6562009
75,16/07/2001,180,239,268,304,0.637,,282.5745683,375.1962323,420.722135,477.2370487
76,23/07/2001,183,255,277,302,0.637,,287.2841444,400.3139717,434.8508634,474.0973312
77,30/07/2001,183,264,286,302,0.637,,287.2841444,414.4427002,448.9795918,474.0973312
78,6/08/2001,217,264,293,304,0.637,,340.6593407,414.4427002,459.9686028,477.2370487
79,13/08/2001,217,264,319,317,0.637,,340.6593407,414.4427002,500.7849294,497.6452119
80,20/08/2001,215,264,313,325,0.637,,337.5196232,414.4427002,491.3657771,510.2040816
81,27/08/2001,215,264,314,331,0.637,,337.5196232,414.4427002,492.9356358,519.6232339
82,3/09/2001,300,317,323,339,0.637,,470.9576138,497.6452119,507.0643642,532.1821036
83,10/09/2001,300,327,338,345,0.637,,470.9576138,513.3437991,530.6122449,541.6012559
84,17/09/2001,300,337,339,343,0.637,,470.9576138,529.0423862,532.1821036,538.4615385
85,24/09/2001,270,317,325,331,0.637,,423.8618524,497.6452119,510.2040816,519.6232339
86,1/10/2001,245,270,293,321,0.643,,381.0264386,419.9066874,455.6765163,499.222395
87,8/10/2001,245,275,293,321,0.643,,381.0264386,427.6827372,455.6765163,499.222395
88,15/10/2001,235,273,294,317,0.643,,365.474339,424.5723173,457.2317263,493.0015552
89,22/10/2001,235,278,289,312,0.643,,365.474339,432.348367,449.4556765,485.2255054
90,29/10/2001,235,271,287,312,0.643,,365.474339,421.4618974,446.3452566,485.2255054
91,5/11/2001,235,266,289,313,0.643,,365.474339,413.6858476,449.4556765,486.7807154
92,12/11/2001,240,270,289,312,0.643,,373.2503888,419.9066874,449.4556765,485.2255054
93,19/11/2001,240,274,291,312,0.643,,373.2503888,426.1275272,452.5660964,485.2255054
94,26/11/2001,240,274,291,312,0.643,,373.2503888,426.1275272,452.5660964,485.2255054
95,3/12/2001,235,268,284,310,0.643,,365.474339,416.7962675,441.6796267,482.1150855
96,10/12/2001,235,268,286,310,0.643,,365.474339,416.7962675,444.7900467,482.1150855
97,7/01/2002,245,276,283,307,0.649,,377.5038521,425.2696456,436.05547,473.0354391
98,14/01/2002,245,276,286,313,0.649,,377.5038521,425.2696456,440.6779661,482.2804314
99,21/01/2002,245,274,286,309,0.649,,377.5038521,422.1879815,440.6779661,476.1171032
100,28/01/2002,255,289,288,311,0.649,,392.9121726,445.3004622,443.7596302,479.1987673
101,4/02/2002,255,296,294,318,0.649,,392.9121726,456.0862866,453.0046225,489.9845917
102,11/02/2002,305,328,314,340,0.649,,469.953775,505.3929122,483.8212635,523.8828968
103,18/02/2002,330,348,325,350,0.649,,508.4745763,536.2095532,500.770416,539.2912173
104,25/02/2002,330,353,325,350,0.649,,508.4745763,543.9137134,500.770416,539.2912173
105,4/03/2002,350,360,335,357,0.649,,539.2912173,554.6995378,516.1787365,550.0770416
106,11/03/2002,350,363,341,360,0.649,,539.2912173,559.3220339,525.4237288,554.6995378
107,18/03/2002,310,345,328,344,0.649,,477.6579353,531.587057,505.3929122,530.046225
108,25/03/2002,315,322,321,333,0.649,,485.3620955,496.1479199,494.6070878,513.0970724
109,1/04/2002,315,324,322,334,0.654,,481.6513761,495.412844,492.3547401,510.7033639
110,8/04/2002,315,330,322,332,0.654,,481.6513761,504.587156,492.3547401,507.6452599
111,15/04/2002,280,294,311,326,0.654,,428.1345566,449.5412844,475.5351682,498.470948
112,22/04/2002,300,302,313,331,0.654,,458.7155963,461.7737003,478.5932722,506.116208
113,29/04/2002,295,300,306,319,0.654,,451.0703364,458.7155963,467.8899083,487.7675841
114,6/05/2002,290,300,293,301,0.654,,443.4250765,458.7155963,448.0122324,460.2446483
115,13/05/2002,290,300,291,299,0.654,,443.4250765,458.7155963,444.9541284,457.1865443
116,20/05/2002,290,298,283,289,0.654,,443.4250765,455.6574924,432.7217125,441.8960245
117,27/05/2002,280,292,283,289,0.654,,428.1345566,446.4831804,432.7217125,441.8960245
118,3/06/2002,265,268,261,274,0.654,,405.1987768,409.7859327,399.0825688,418.9602446
119,10/06/2002,270,270,261,274,0.654,,412.8440367,412.8440367,399.0825688,418.9602446
120,17/06/2002,275,280,258,274,0.654,,420.4892966,428.1345566,394.4954128,418.9602446
121,24/06/2002,285,300,277,284,0.654,,435.7798165,458.7155963,423.5474006,434.2507645
122,1/07/2002,280,298,283,301,0.658,,425.5319149,452.887538,430.0911854,457.4468085
123,8/07/2002,280,298,283,301,0.658,,425.5319149,452.887538,430.0911854,457.4468085
124,15/07/2002,280,302,283,301,0.658,,425.5319149,458.9665653,430.0911854,457.4468085
125,22/07/2002,280,302,285,302,0.658,,425.5319149,458.9665653,433.1306991,458.9665653
126,29/07/2002,280,302,307,327,0.658,,425.5319149,458.9665653,466.5653495,496.9604863
127,5/08/2002,280,302,307,325,0.658,,425.5319149,458.9665653,466.5653495,493.9209726
128,12/08/2002,280,308,328,344,0.658,,425.5319149,468.0851064,498.4802432,522.7963526
129,19/08/2002,280,312,336,348,0.658,,425.5319149,474.1641337,510.6382979,528.8753799
130,26/08/2002,280,312,336,354,0.658,,425.5319149,474.1641337,510.6382979,537.993921
131,2/09/2002,290,318,348,368,0.658,,440.7294833,483.2826748,528.8753799,559.2705167
132,9/09/2002,310,330,349,368,0.658,,471.1246201,501.5197568,530.3951368,559.2705167
133,16/09/2002,340,356,359,372,0.658,,516.7173252,541.0334347,545.5927052,565.3495441
134,23/09/2002,340,360,378,404,0.658,,516.7173252,547.112462,574.4680851,613.9817629
135,30/09/2002,340,356,376,404,0.658,,516.7173252,541.0334347,571.4285714,613.9817629
136,7/10/2002,340,364,379,404,0.662,,513.5951662,549.8489426,572.5075529,610.2719033
137,14/10/2002,310,346,372,404,0.662,,468.2779456,522.6586103,561.9335347,610.2719033
138,21/10/2002,250,314,346,378,0.662,,377.6435045,474.3202417,522.6586103,570.9969789
139,28/10/2002,250,276,327,354,0.662,,377.6435045,416.918429,493.9577039,534.7432024
140,4/11/2002,245,270,313,344,0.662,,370.0906344,407.8549849,472.8096677,519.6374622
141,11/11/2002,235,264,306,330,0.662,,354.9848943,398.7915408,462.2356495,498.489426
142,18/11/2002,235,258,303,333,0.662,,354.9848943,389.7280967,457.7039275,503.021148
143,25/11/2002,235,262,298,336,0.662,,354.9848943,395.7703927,450.1510574,507.5528701
144,2/12/2002,235,266,316,353,0.662,,354.9848943,401.8126888,477.3413897,533.2326284
145,9/12/2002,235,262,318,353,0.662,,354.9848943,395.7703927,480.3625378,533.2326284
146,16/12/2002,295,290,329,358,0.662,,445.6193353,438.0664653,496.978852,540.7854985
147,6/01/2003,285,338,344,373,0.671,,424.7391952,503.7257824,512.6676602,555.8867362
148,13/01/2003,275,344,346,364,0.671,,409.8360656,512.6676602,515.6482861,542.4739195
149,20/01/2003,265,328,330,349,0.671,,394.9329359,488.8226528,491.8032787,520.119225
150,27/01/2003,270,320,326,356,0.671,,402.3845007,476.900149,485.8420268,530.5514158
151,3/02/2003,270,323,328,355,0.671,,402.3845007,481.3710879,488.8226528,529.0611028
152,10/02/2003,270,323,326,358,0.671,,402.3845007,481.3710879,485.8420268,533.5320417
153,17/02/2003,275,324,327,360,0.671,,409.8360656,482.8614009,487.3323398,536.5126677
154,24/02/2003,290,348,358,385,0.671,,432.1907601,518.6289121,533.5320417,573.7704918
155,3/03/2003,357,379,403,408,0.671,,532.0417288,564.828614,600.5961252,608.04769
156,10/03/2003,360,395,400,412,0.671,,536.5126677,588.6736215,596.1251863,614.0089419
157,17/03/2003,360,394,404,406,0.671,,536.5126677,587.1833085,602.0864382,605.0670641
158,24/03/2003,340,392,398,418,0.671,,506.7064083,584.2026826,593.1445604,622.9508197
159,31/03/2003,340,390,395,412,0.671,,506.7064083,581.2220566,588.6736215,614.0089419
160,7/04/2003,345,378,387,412,0.671,,514.1579732,563.338301,576.7511177,614.0089419
161,14/04/2003,355,382,392,412,0.671,,529.0611028,569.2995529,584.2026826,614.0089419
162,21/04/2003,360,382,389,420,0.671,,536.5126677,569.2995529,579.7317437,625.9314456
163,28/04/2003,360,380,393,428,0.671,,536.5126677,566.318927,585.6929955,637.8539493
164,5/05/2003,345,360,373,413,0.671,,514.1579732,536.5126677,555.8867362,615.4992548
165,12/05/2003,355,354,369,405,0.671,,529.0611028,527.5707899,549.9254844,603.5767511
166,19/05/2003,350,356,372,403,0.671,,521.609538,530.5514158,554.3964232,600.5961252
167,26/05/2003,350,357,379,402,0.671,,521.609538,532.0417288,564.828614,599.1058122
168,2/06/2003,350,361,374,398,0.671,,521.609538,538.0029806,557.3770492,593.1445604
169,9/06/2003,355,398,396,413,0.671,,529.0611028,593.1445604,590.1639344,615.4992548
170,16/06/2003,360,398,398,413,0.671,,536.5126677,593.1445604,593.1445604,615.4992548
171,23/06/2003,365,398,393,408,0.671,,543.9642325,593.1445604,585.6929955,608.04769
172,30/06/2003,370,405,399,412,0.671,,551.4157973,603.5767511,594.6348733,614.0089419
173,7/07/2003,375,400,397,410,0.675,,555.5555556,592.5925926,588.1481481,607.4074074
174,14/07/2003,380,403,399,410,0.675,,562.962963,597.037037,591.1111111,607.4074074
175,21/07/2003,385,410,403,417,0.675,,570.3703704,607.4074074,597.037037,617.7777778
176,28/07/2003,390,424,420,433,0.675,,577.7777778,628.1481481,622.2222222,641.4814815
177,4/08/2003,390,425,428,435,0.675,,577.7777778,629.6296296,634.0740741,644.4444444
178,11/08/2003,390,420,424,430,0.675,,577.7777778,622.2222222,628.1481481,637.037037
179,18/08/2003,390,422,429,431,0.675,,577.7777778,625.1851852,635.5555556,638.5185185
180,25/08/2003,390,436,446,443,0.675,,577.7777778,645.9259259,660.7407407,656.2962963
181,1/09/2003,390,436,447,443,0.675,,577.7777778,645.9259259,662.2222222,656.2962963
182,8/09/2003,380,408,413,414,0.675,,562.962963,604.4444444,611.8518519,613.3333333
183,15/09/2003,380,402,393,396,0.675,,562.962963,595.5555556,582.2222222,586.6666667
184,22/09/2003,380,374,366,373,0.675,,562.962963,554.0740741,542.2222222,552.5925926
185,29/09/2003,380,374,375,384,0.675,,562.962963,554.0740741,555.5555556,568.8888889
186,6/10/2003,350,372,372,374,0.678,,516.2241888,548.6725664,548.6725664,551.6224189
187,13/10/2003,350,366,369,381,0.678,,516.2241888,539.8230088,544.2477876,561.9469027
188,20/10/2003,350,352,353,369,0.678,,516.2241888,519.1740413,520.6489676,544.2477876
189,27/10/2003,340,342,343,359,0.678,,501.4749263,504.4247788,505.899705,529.4985251
190,3/11/2003,340,344,343,358,0.678,,501.4749263,507.3746313,505.899705,528.0235988
191,10/11/2003,336.6666667,345,343,352,0.678,,496.5585055,508.8495575,505.899705,519.1740413
192,17/11/2003,333.3333333,329,326,339,0.678,,491.6420845,485.2507375,480.8259587,500
193,24/11/2003,330,336,330,333,0.678,,486.7256637,495.5752212,486.7256637,491.1504425
194,1/12/2003,330,333,327,316,0.678,,486.7256637,491.1504425,482.300885,466.0766962
195,8/12/2003,320,331,326,313,0.678,,471.9764012,488.20059,480.8259587,461.6519174
196,15/12/2003,310,335,329,310,0.678,,457.2271386,494.100295,485.2507375,457.2271386
197,5/01/2004,328,353,351,327,0.684,,479.5321637,516.0818713,513.1578947,478.0701754
198,12/01/2004,360,346,341,329,0.684,,526.3157895,505.8479532,498.5380117,480.994152
199,19/01/2004,360,354,348,331,0.684,,526.3157895,517.5438596,508.7719298,483.9181287
200,26/01/2004,360,364,357,340,0.684,,526.3157895,532.1637427,521.9298246,497.0760234
201,2/02/2004,380,370,363,339,0.684,,555.5555556,540.9356725,530.7017544,495.6140351
202,9/02/2004,380,371,366,348,0.684,,555.5555556,542.3976608,535.0877193,508.7719298
203,16/02/2004,370,360,350,336,0.684,,540.9356725,526.3157895,511.6959064,491.2280702
204,23/02/2004,360,361,355,336,0.684,,526.3157895,527.7777778,519.005848,491.2280702
205,1/03/2004,360,356,352,339,0.684,,526.3157895,520.4678363,514.619883,495.6140351
206,8/03/2004,355,354,349,337,0.684,,519.005848,517.5438596,510.2339181,492.6900585
207,15/03/2004,355,357,350,334,0.684,,519.005848,521.9298246,511.6959064,488.3040936
208,22/03/2004,350,359,353,332,0.684,,511.6959064,524.8538012,516.0818713,485.380117
209,29/03/2004,348.7037037,351,346,326,0.684,,509.8007364,513.1578947,505.8479532,476.6081871
210,5/04/2004,347.4074074,350,345,320,0.688,,504.952627,508.7209302,501.4534884,465.1162791
211,12/04/2004,346.1111111,352,345,319,0.688,,503.0684754,511.627907,501.4534884,463.6627907
212,19/04/2004,344.8148148,348,342,320,0.688,,501.1843238,505.8139535,497.0930233,465.1162791
213,26/04/2004,343.5185185,335,328,313,0.688,,499.3001722,486.9186047,476.744186,454.9418605
214,3/05/2004,342.2222222,341,332,314,0.688,,497.4160206,495.6395349,482.5581395,456.3953488
215,10/05/2004,340.9259259,354,344,319,0.688,,495.531869,514.5348837,500,463.6627907
216,17/05/2004,339.6296296,353,342,321,0.688,,493.6477174,513.0813953,497.0930233,466.5697674
217,24/05/2004,338.3333333,363,355,330,0.688,,491.7635658,527.6162791,515.9883721,479.6511628
218,31/05/2004,337.037037,384,373,351,0.688,,489.8794142,558.1395349,542.1511628,510.1744186
219,7/06/2004,335.7407407,388,384,361,0.688,,487.9952626,563.9534884,558.1395349,524.7093023
220,14/06/2004,334.4444444,403,398,371,0.688,,486.111111,585.755814,578.4883721,539.244186
221,21/06/2004,333.1481481,456,452,416,0.688,,484.2269594,662.7906977,656.9767442,604.6511628
222,28/06/2004,331.8518519,486,479,434,0.688,,482.342808,706.3953488,696.2209302,630.8139535
223,5/07/2004,330.5555556,485,485,459,0.69,,479.0660226,702.8985507,702.8985507,665.2173913
224,12/07/2004,329.2592593,489,485,470,0.69,,477.1873323,708.6956522,702.8985507,681.1594203
225,19/07/2004,327.962963,489,485,470,0.69,,475.308642,708.6956522,702.8985507,681.1594203
226,26/07/2004,326.6666667,499,492,480,0.69,,473.4299517,723.1884058,713.0434783,695.6521739
227,2/08/2004,325.3703704,496,493,479,0.69,,471.5512614,718.8405797,714.4927536,694.2028986
228,9/08/2004,324.0740741,494,492,479,0.69,,469.6725712,715.942029,713.0434783,694.2028986
229,16/08/2004,322.7777778,483,481,471,0.69,,467.7938809,700,697.1014493,682.6086957
230,23/08/2004,321.4814815,446,446,444,0.69,,465.9151906,646.3768116,646.3768116,643.4782609
231,30/08/2004,320.1851852,433,426,423,0.69,,464.0365003,627.5362319,617.3913043,613.0434783
232,6/09/2004,318.8888889,421,417,405,0.69,,462.15781,610.1449275,604.3478261,586.9565217
233,13/09/2004,317.5925926,423,424,410,0.69,,460.2791197,613.0434783,614.4927536,594.2028986
234,20/09/2004,316.2962963,409,410,410,0.69,,458.4004294,592.7536232,594.2028986,594.2028986
235,27/09/2004,315,377,387,394,0.69,,456.5217391,546.3768116,560.8695652,571.0144928
236,4/10/2004,322.5,370,372,375,0.695,,464.028777,532.3741007,535.2517986,539.5683453
237,11/10/2004,330,356,357,370,0.695,,474.8201439,512.2302158,513.6690647,532.3741007
238,18/10/2004,325,341,339,344,0.695,,467.6258993,490.647482,487.7697842,494.9640288
239,25/10/2004,300,326,325,331,0.695,,431.6546763,469.0647482,467.6258993,476.2589928
240,1/11/2004,300,326,324,333,0.695,,431.6546763,469.0647482,466.1870504,479.1366906
241,8/11/2004,300,334,332,335,0.695,,431.6546763,480.5755396,477.6978417,482.0143885
242,15/11/2004,320,338,335,338,0.695,,460.4316547,486.3309353,482.0143885,486.3309353
243,22/11/2004,320,339,341,343,0.695,,460.4316547,487.7697842,490.647482,493.5251799
244,29/11/2004,320,341,339,343,0.695,,460.4316547,490.647482,487.7697842,493.5251799
245,6/12/2004,310,325,324,335,0.695,,446.0431655,467.6258993,466.1870504,482.0143885
246,13/12/2004,320,333,330,336,0.695,,460.4316547,479.1366906,474.8201439,483.4532374
247,10/01/2005,320,338,333,333,0.701,,456.4907275,482.168331,475.0356633,475.0356633
248,17/01/2005,320,334,329,327,0.701,,456.4907275,476.4621969,469.3295292,466.4764622
249,24/01/2005,330,338,333,330,0.701,,470.7560628,482.168331,475.0356633,470.7560628
250,31/01/2005,330,334,330,316,0.701,,470.7560628,476.4621969,470.7560628,450.7845934
251,7/02/2005,330,346,334,322,0.701,,470.7560628,493.5805991,476.4621969,459.3437946
252,14/02/2005,320,343,323,317,0.701,,456.4907275,489.3009986,460.7703281,452.211127
253,21/02/2005,310,343,329,314,0.701,,442.2253923,489.3009986,469.3295292,447.9315264
254,28/02/2005,330,347,329,308,0.701,,470.7560628,495.0071327,469.3295292,439.3723252
255,7/03/2005,330,346,327,306,0.701,,470.7560628,493.5805991,466.4764622,436.5192582
256,14/03/2005,330,346,328,306,0.701,,470.7560628,493.5805991,467.9029957,436.5192582
257,21/03/2005,325,341,325,303,0.701,,463.6233951,486.4479315,463.6233951,432.2396576
258,28/03/2005,325,336,324,305,0.701,,463.6233951,479.3152639,462.1968616,435.0927247
259,4/04/2005,325,334,325,305,0.705,,460.9929078,473.7588652,460.9929078,432.6241135
260,11/04/2005,315,331,320,299,0.705,,446.8085106,469.5035461,453.9007092,424.1134752
261,18/04/2005,325,335,314,295,0.705,,460.9929078,475.177305,445.3900709,418.4397163
262,25/04/2005,325,335,314,295,0.705,,460.9929078,475.177305,445.3900709,418.4397163
263,2/05/2005,325,333,308,293,0.705,,460.9929078,472.3404255,436.8794326,415.6028369
264,9/05/2005,340,339,317,299,0.705,,482.2695035,480.8510638,449.6453901,424.1134752
265,16/05/2005,333,341,321,301,0.705,,472.3404255,483.6879433,455.3191489,426.9503546
266,23/05/2005,333,341,324,303,0.705,,472.3404255,483.6879433,459.5744681,429.787234
267,30/05/2005,337,343,326,305,0.705,,478.0141844,486.5248227,462.4113475,432.6241135
268,6/06/2005,337,344,327,305,0.705,,478.0141844,487.9432624,463.8297872,432.6241135
269,13/06/2005,353,351,334,310,0.705,,500.7092199,497.8723404,473.7588652,439.7163121
270,20/06/2005,360,355,341,318,0.705,,510.6382979,503.5460993,483.6879433,451.0638298
271,27/06/2005,370,361,351,324,0.705,,524.822695,512.0567376,497.8723404,459.5744681
272,4/07/2005,370,363,358,342,0.712,,519.6629213,509.8314607,502.8089888,480.3370787
273,11/07/2005,370,364,361,344,0.712,,519.6629213,511.2359551,507.0224719,483.1460674
274,18/07/2005,380,374,372,360,0.712,,533.7078652,525.2808989,522.4719101,505.6179775
275,25/07/2005,407,395,390,374,0.712,,571.6292135,554.7752809,547.752809,525.2808989
276,1/08/2005,407,399,390,373,0.712,,571.6292135,560.3932584,547.752809,523.8764045
277,8/08/2005,402,398,391,370,0.712,,564.6067416,558.988764,549.1573034,519.6629213
278,15/08/2005,402,398,391,370,0.712,,564.6067416,558.988764,549.1573034,519.6629213
279,22/08/2005,395,393,396,370,0.712,,554.7752809,551.9662921,556.1797753,519.6629213
280,29/08/2005,393,384,386,374,0.712,,551.9662921,539.3258427,542.1348315,525.2808989
281,5/09/2005,393,389,393,384,0.712,,551.9662921,546.3483146,551.9662921,539.3258427
282,12/09/2005,388,389,391,383,0.712,,544.9438202,546.3483146,549.1573034,537.9213483
283,19/09/2005,388,388,394,382,0.712,,544.9438202,544.9438202,553.3707865,536.5168539
284,26/09/2005,388,385,389,378,0.712,,544.9438202,540.7303371,546.3483146,530.8988764
285,3/10/2005,388,378,383,370,0.715,,542.6573427,528.6713287,535.6643357,517.4825175
286,10/10/2005,388,371,369,368,0.715,,542.6573427,518.8811189,516.0839161,514.6853147
287,17/10/2005,325,347,338,329,0.715,,454.5454545,485.3146853,472.7272727,460.1398601
288,24/10/2005,315,333,325,323,0.715,,440.5594406,465.7342657,454.5454545,451.7482517
289,31/10/2005,315,334,330,328,0.715,,440.5594406,467.1328671,461.5384615,458.7412587
290,7/11/2005,315,336,331,329,0.715,,440.5594406,469.9300699,462.9370629,460.1398601
291,14/11/2005,315,337,333,329,0.715,,440.5594406,471.3286713,465.7342657,460.1398601
292,21/11/2005,315,336,332,329,0.715,,440.5594406,469.9300699,464.3356643,460.1398601
293,28/11/2005,315,337,338,334,0.715,,440.5594406,471.3286713,472.7272727,467.1328671
294,5/12/2005,328,337,337,337,0.715,,458.7412587,471.3286713,471.3286713,471.3286713
295,12/12/2005,330,339,339,338,0.715,,461.5384615,474.1258741,474.1258741,472.7272727
296,9/01/2006,327,339,338,336,0.721,,453.5367545,470.1803051,468.7933426,466.0194175
297,16/01/2006,322,332,331,329,0.721,,446.6019417,460.4715673,459.0846047,456.3106796
298,23/01/2006,318,339,336,322,0.721,,441.0540915,470.1803051,466.0194175,446.6019417
299,30/01/2006,318,338,342,330,0.721,,441.0540915,468.7933426,474.3411928,457.6976422
300,6/02/2006,318,342,349,339,0.721,,441.0540915,474.3411928,484.0499307,470.1803051
301,13/02/2006,318,347,352,349,0.721,,441.0540915,481.2760055,488.2108183,484.0499307
302,20/02/2006,318,345,350,346,0.721,,441.0540915,478.5020804,485.4368932,479.889043
303,27/02/2006,318,350,353,347,0.721,,441.0540915,485.4368932,489.5977809,481.2760055
304,6/03/2006,280,346,348,342,0.721,,388.3495146,479.889043,482.6629681,474.3411928
305,13/03/2006,280,345,347,342,0.721,,388.3495146,478.5020804,481.2760055,474.3411928
306,20/03/2006,280,339,339,338,0.721,,388.3495146,470.1803051,470.1803051,468.7933426
307,27/03/2006,280,340,339,336,0.721,,388.3495146,471.5672677,470.1803051,466.0194175
308,3/04/2006,280,342,342,339,0.733,,381.9918145,466.5757162,466.5757162,462.4829468
309,10/04/2006,280,339,339,337,0.733,,381.9918145,462.4829468,462.4829468,459.7544338
310,17/04/2006,280,339,339,337,0.733,,381.9918145,462.4829468,462.4829468,459.7544338
311,24/04/2006,280,339,339,334,0.733,,381.9918145,462.4829468,462.4829468,455.6616644
312,1/05/2006,280,340,340,335,0.733,,381.9918145,463.8472033,463.8472033,457.0259209
313,8/05/2006,280,340,340,338,0.733,,381.9918145,463.8472033,463.8472033,461.1186903
314,15/05/2006,280,344,343,340,0.733,,381.9918145,469.3042292,467.9399727,463.8472033
315,22/05/2006,280,347,345,342,0.733,,381.9918145,473.3969986,470.6684857,466.5757162
316,29/05/2006,281.5384615,348,347,343,0.733,,384.0906705,474.7612551,473.3969986,467.9399727
317,5/06/2006,283.0769231,350,349,348,0.733,,386.1895267,477.4897681,476.1255116,474.7612551
318,12/06/2006,284.6153846,350,349,349,0.733,,388.2883828,477.4897681,476.1255116,476.1255116
319,19/06/2006,286.1538462,350,350,350,0.733,,390.387239,477.4897681,477.4897681,477.4897681
320,26/06/2006,287.6923077,351,351,351,0.733,,392.4860951,478.8540246,478.8540246,478.8540246
321,3/07/2006,289.2307692,354,354,352,0.74,,390.8523908,478.3783784,478.3783784,475.6756757
322,10/07/2006,290.7692308,362,360,356,0.74,,392.931393,489.1891892,486.4864865,481.0810811
323,17/07/2006,292.3076923,363,360,359,0.74,,395.010395,490.5405405,486.4864865,485.1351351
324,24/07/2006,293.8461538,367,368,364,0.74,,397.089397,495.9459459,497.2972973,491.8918919
325,31/07/2006,295.3846154,377,374,369,0.74,,399.1683992,509.4594595,505.4054054,498.6486486
326,7/08/2006,296.9230769,378,376,370,0.74,,401.2474012,510.8108108,508.1081081,500
327,14/08/2006,298.4615385,361,361,355,0.74,,403.3264034,487.8378378,487.8378378,479.7297297
328,21/08/2006,300,348,348,344,0.74,,405.4054054,470.2702703,470.2702703,464.8648649
329,28/08/2006,280,330,337,333,0.74,,378.3783784,445.9459459,455.4054054,450
330,4/09/2006,250,320,322,320,0.74,,337.8378378,432.4324324,435.1351351,432.4324324
331,11/09/2006,250,313,315,316,0.74,,337.8378378,422.972973,425.6756757,427.027027
332,18/09/2006,300,324,309,320,0.74,,405.4054054,437.8378378,417.5675676,432.4324324
333,25/09/2006,280,300,300,301,0.74,,378.3783784,405.4054054,405.4054054,406.7567568
334,2/10/2006,280,324,324,310,0.739,,378.8903924,438.4303112,438.4303112,419.4857916
335,9/10/2006,250,310,310,296,0.739,,338.2949932,419.4857916,419.4857916,400.541272
336,16/10/2006,230,289,287,301,0.739,,311.2313938,391.0690122,388.3626522,407.3071719
337,23/10/2006,220,306,296,309,0.739,,297.699594,414.0730717,400.541272,418.1326116
338,30/10/2006,220,309,301,309,0.739,,297.699594,418.1326116,407.3071719,418.1326116
339,6/11/2006,210,307,299,313,0.739,,284.1677943,415.4262517,404.6008119,423.5453315
340,13/11/2006,220,315,306,320,0.739,,297.699594,426.2516915,414.0730717,433.0175913
341,20/11/2006,220,323,320,326,0.739,,297.699594,437.0771313,433.0175913,441.1366712
342,27/11/2006,220,325,321,326,0.739,,297.699594,439.7834912,434.3707713,441.1366712
343,4/12/2006,220,320,317,325,0.739,,297.699594,433.0175913,428.9580514,439.7834912
344,11/12/2006,220,322,319,325,0.739,,297.699594,435.7239513,431.6644114,439.7834912
345,8/01/2007,230,330,328,333,0.739,,311.2313938,446.5493911,443.8430311,450.608931
346,15/01/2007,230,325,324,330,0.739,,311.2313938,439.7834912,438.4303112,446.5493911
347,22/01/2007,230,322,320,313,0.739,,311.2313938,435.7239513,433.0175913,423.5453315
348,29/01/2007,280,333,330,328,0.739,,378.8903924,450.608931,446.5493911,443.8430311
349,5/02/2007,280,328,327,324,0.739,,378.8903924,443.8430311,442.4898512,438.4303112
350,12/02/2007,280,332,328,322,0.739,,378.8903924,449.255751,443.8430311,435.7239513
351,19/02/2007,280,336,334,332,0.739,,378.8903924,454.6684709,451.962111,449.255751
352,26/02/2007,280,328,335,330,0.739,,378.8903924,443.8430311,453.3152909,446.5493911
353,5/03/2007,280,328,335,335,0.739,,378.8903924,443.8430311,453.3152909,453.3152909
354,12/03/2007,280,335,342,340,0.739,,378.8903924,453.3152909,462.7875507,460.0811908
355,19/03/2007,280,335,341,342,0.739,,378.8903924,453.3152909,461.4343708,462.7875507
356,26/03/2007,290,352,352,342,0.739,,392.4221922,476.3193505,476.3193505,462.7875507
357,2/04/2007,290,353,353,342,0.748,,387.7005348,471.9251337,471.9251337,457.2192513
358,9/04/2007,290,353,353,344,0.748,,387.7005348,471.9251337,471.9251337,459.8930481
359,16/04/2007,290,343,344,339,0.748,,387.7005348,458.5561497,459.8930481,453.2085561
360,23/04/2007,280,321,321,323,0.748,,374.3315508,429.144385,429.144385,431.8181818
361,30/04/2007,290,339,338,327,0.748,,387.7005348,453.2085561,451.8716578,437.1657754
362,7/05/2007,280,348,348,336,0.748,,374.3315508,465.2406417,465.2406417,449.197861
363,14/05/2007,350,348,348,336,0.748,,467.9144385,465.2406417,465.2406417,449.197861
364,21/05/2007,350,358,356,356,0.748,,467.9144385,478.6096257,475.9358289,475.9358289
365,28/05/2007,360,363,362,359,0.748,,481.2834225,485.2941176,483.9572193,479.9465241
366,4/06/2007,360,376,374,374,0.748,,481.2834225,502.6737968,500,500
367,11/06/2007,360,377,375,375,0.748,,481.2834225,504.0106952,501.3368984,501.3368984
368,18/06/2007,350,378,375,375,0.748,,467.9144385,505.3475936,501.3368984,501.3368984
369,25/06/2007,340,371,368,372,0.748,,454.5454545,495.9893048,491.9786096,497.3262032
370,2/07/2007,340,367,365,370,0.753,,451.5272244,487.3837981,484.7277556,491.3678619
371,9/07/2007,340,371,369,373,0.753,,451.5272244,492.6958831,490.0398406,495.3519256
372,16/07/2007,340,370,371,375,0.753,,451.5272244,491.3678619,492.6958831,498.0079681
373,23/07/2007,327,366,367,373,0.753,,434.2629482,486.0557769,487.3837981,495.3519256
374,30/07/2007,323,341,344,352,0.753,,428.9508632,452.8552457,456.8393094,467.4634794
375,6/08/2007,320,333,330,334,0.753,,424.9667995,442.2310757,438.247012,443.5590969
376,13/08/2007,313,322,318,324,0.753,,415.6706507,427.622842,422.310757,430.2788845
377,20/08/2007,270,297,301,308,0.753,,358.5657371,394.4223108,399.7343958,409.0305445
378,27/08/2007,267,296,301,303,0.753,,354.5816733,393.0942895,399.7343958,402.3904382
379,3/09/2007,237,270,272,274,0.753,,314.7410359,358.5657371,361.2217795,363.877822
380,10/09/2007,247,278,280,280,0.753,,328.0212483,369.189907,371.8459495,371.8459495
381,17/09/2007,220,252,255,263,0.753,,292.1646746,334.6613546,338.6454183,349.2695883
382,24/09/2007,220,251,252,264,0.753,,292.1646746,333.3333333,334.6613546,350.5976096
383,1/10/2007,260,284,275,286,0.76,,342.1052632,373.6842105,361.8421053,376.3157895
384,8/10/2007,250,284,276,279,0.76,,328.9473684,373.6842105,363.1578947,367.1052632
385,15/10/2007,230,282,274,277,0.76,,302.6315789,371.0526316,360.5263158,364.4736842
386,22/10/2007,210,262,255,261,0.76,,276.3157895,344.7368421,335.5263158,343.4210526
387,29/10/2007,220,272,264,268,0.76,,289.4736842,357.8947368,347.3684211,352.6315789
388,5/11/2007,250,287,275,271,0.76,,328.9473684,377.6315789,361.8421053,356.5789474
389,12/11/2007,250,286,274,278,0.76,,328.9473684,376.3157895,360.5263158,365.7894737
390,19/11/2007,250,302,287,279,0.76,,328.9473684,397.3684211,377.6315789,367.1052632
391,26/11/2007,250,302,287,280,0.76,,328.9473684,397.3684211,377.6315789,368.4210526
392,3/12/2007,250,303,295,289,0.76,,328.9473684,398.6842105,388.1578947,380.2631579
393,10/12/2007,250,304,295,289,0.76,,328.9473684,400,388.1578947,380.2631579
394,7/01/2008,300,325,320,299,0.77,,389.6103896,422.0779221,415.5844156,388.3116883
395,14/01/2008,300,330,329,322,0.77,,389.6103896,428.5714286,427.2727273,418.1818182
396,21/01/2008,320,324,326,331,0.77,,415.5844156,420.7792208,423.3766234,429.8701299
397,28/01/2008,350,333,339,341,0.77,,454.5454545,432.4675325,440.2597403,442.8571429
398,4/02/2008,350,341,346,343,0.77,,454.5454545,442.8571429,449.3506494,445.4545455
399,11/02/2008,360,379,382,340,0.77,,467.5324675,492.2077922,496.1038961,441.5584416
400,18/02/2008,340,380,383,344,0.77,,441.5584416,493.5064935,497.4025974,446.7532468
401,25/02/2008,340,379,377,348,0.77,,441.5584416,492.2077922,489.6103896,451.9480519
402,3/03/2008,340,376,359,343,0.77,,441.5584416,488.3116883,466.2337662,445.4545455
403,10/03/2008,310,339,328,324,0.77,,402.5974026,440.2597403,425.974026,420.7792208
404,17/03/2008,300,351,334,319,0.77,,389.6103896,455.8441558,433.7662338,414.2857143
405,24/03/2008,300,351,335,323,0.77,,389.6103896,455.8441558,435.0649351,419.4805195
406,31/03/2008,320,352,338,327,0.77,,415.5844156,457.1428571,438.961039,424.6753247
407,7/04/2008,300,346,335,324,0.782,,383.6317136,442.455243,428.3887468,414.3222506
408,14/04/2008,300,348,335,325,0.782,,383.6317136,445.0127877,428.3887468,415.601023
409,21/04/2008,320,349,340,332,0.782,,409.2071611,446.2915601,434.7826087,424.5524297
410,28/04/2008,320,349,340,333,0.782,,409.2071611,446.2915601,434.7826087,425.831202
411,5/05/2008,320,349,341,335,0.782,,409.2071611,446.2915601,436.0613811,428.3887468
412,12/05/2008,320,353,343,338,0.782,,409.2071611,451.4066496,438.6189258,432.2250639
413,19/05/2008,330,368,354,348,0.782,,421.9948849,470.5882353,452.685422,445.0127877
414,26/05/2008,370,397,379,373,0.782,,473.1457801,507.6726343,484.6547315,476.9820972
415,2/06/2008,370,399,384,379,0.782,,473.1457801,510.230179,491.0485934,484.6547315
416,9/06/2008,387,418,400,393,0.782,,494.8849105,534.5268542,511.5089514,502.5575448
417,16/06/2008,373,423,413,408,0.782,,476.9820972,540.9207161,528.1329923,521.7391304
418,23/06/2008,400,456,445,434,0.782,,511.5089514,583.1202046,569.0537084,554.9872123
419,30/06/2008,400,456,445,430,0.782,,511.5089514,583.1202046,569.0537084,549.8721228
420,7/07/2008,420,458,449,433,0.791,,530.9734513,579.0139064,567.6359039,547.4083439
421,14/07/2008,420,463,456,459,0.791,,530.9734513,585.335019,576.4854614,580.278129
422,21/07/2008,420,461,455,454,0.791,,530.9734513,582.806574,575.2212389,573.9570164
423,28/07/2008,420,461,455,448,0.791,,530.9734513,582.806574,575.2212389,566.3716814
424,4/08/2008,420,460,454,446,0.791,,530.9734513,581.5423515,573.9570164,563.8432364
425,11/08/2008,420,464,458,448,0.791,,530.9734513,586.5992415,579.0139064,566.3716814
426,18/08/2008,410,456,453,447,0.791,,518.3312263,576.4854614,572.6927939,565.1074589
427,25/08/2008,410,464,460,454,0.791,,518.3312263,586.5992415,581.5423515,573.9570164
428,1/09/2008,410,456,454,449,0.791,,518.3312263,576.4854614,573.9570164,567.6359039
429,8/09/2008,390,444,441,439,0.791,,493.0467762,561.3147914,557.5221239,554.9936789
430,15/09/2008,420,454,448,447,0.791,,530.9734513,573.9570164,566.3716814,565.1074589
431,22/09/2008,400,434,438,434,0.791,,505.6890013,548.6725664,553.7294564,548.6725664
432,29/09/2008,360,398,403,399,0.791,,455.1201011,503.1605563,509.4816688,504.4247788
433,6/10/2008,360,392,387,393,0.788,,456.8527919,497.4619289,491.1167513,498.7309645
434,13/10/2008,360,377,376,386,0.788,,456.8527919,478.4263959,477.1573604,489.8477157
435,20/10/2008,350,362,368,373,0.788,,444.1624365,459.3908629,467.0050761,473.3502538
436,27/10/2008,330,358,363,366,0.788,,418.7817259,454.3147208,460.6598985,464.4670051
437,3/11/2008,330,358,360,363,0.788,,418.7817259,454.3147208,456.8527919,460.6598985
438,10/11/2008,315,353,355,361,0.788,,399.7461929,447.9695431,450.5076142,458.1218274
439,17/11/2008,315,353,355,361,0.788,,399.7461929,447.9695431,450.5076142,458.1218274
440,24/11/2008,325,372,369,370,0.788,,412.4365482,472.0812183,468.2741117,469.5431472
441,1/12/2008,345,388,383,381,0.788,,437.8172589,492.3857868,486.0406091,483.5025381
442,8/12/2008,355,395,389,385,0.788,,450.5076142,501.2690355,493.6548223,488.5786802
443,15/12/2008,375,426,421,414,0.788,,475.8883249,540.6091371,534.2639594,525.3807107
444,5/01/2009,375,426,427,419,0.789,,475.2851711,539.9239544,541.1913815,531.0519645
445,12/01/2009,420,437,429,421,0.789,,532.3193916,553.8656527,543.7262357,533.5868188
446,19/01/2009,400,415,410,407,0.789,,506.9708492,525.982256,519.6451204,515.842839
447,26/01/2009,400,410,404,408,0.789,,506.9708492,519.6451204,512.0405577,517.1102662
448,2/02/2009,400,410,404,408,0.789,,506.9708492,519.6451204,512.0405577,517.1102662
449,9/02/2009,400,403,401,407,0.789,,506.9708492,510.7731305,508.2382763,515.842839
450,16/02/2009,380,415,406,409,0.789,,481.6223067,525.982256,514.5754119,518.3776933
451,23/02/2009,400,423,417,421,0.789,,506.9708492,536.121673,528.5171103,533.5868188
452,2/03/2009,400,430,423,428,0.789,,506.9708492,544.9936629,536.121673,542.4588086
453,9/03/2009,420,430,425,431,0.789,,532.3193916,544.9936629,538.6565272,546.26109
454,16/03/2009,420,433,428,434,0.789,,532.3193916,548.7959442,542.4588086,550.0633714
455,23/03/2009,440,438,432,437,0.789,,557.6679341,555.1330798,547.5285171,553.8656527
456,30/03/2009,460,447,440,444,0.789,,583.0164766,566.539924,557.6679341,562.7376426
457,6/04/2009,460,447,444,446,0.793,,580.075662,563.6822194,559.8991173,562.4211854
458,13/04/2009,460,450,446,448,0.793,,580.075662,567.4653216,562.4211854,564.9432535
459,20/04/2009,460,450,448,448,0.793,,580.075662,567.4653216,564.9432535,564.9432535
460,27/04/2009,460,460,451,453,0.793,,580.075662,580.075662,568.7263556,571.2484237
461,4/05/2009,460,460,452,454,0.793,,580.075662,580.075662,569.9873897,572.5094578
462,11/05/2009,460,463,453,455,0.793,,580.075662,583.8587642,571.2484237,573.7704918
463,18/05/2009,480,467,461,460,0.793,,605.296343,588.9029004,581.3366961,580.075662
464,25/05/2009,480,469,465,463,0.793,,605.296343,591.4249685,586.3808323,583.8587642
465,1/06/2009,500,474,468,466,0.793,,630.517024,597.7301387,590.1639344,587.6418663
466,8/06/2009,500,477,469,471,0.793,,630.517024,601.5132409,591.4249685,593.9470366
467,15/06/2009,510,494,481,485,0.793,,643.1273644,622.9508197,606.557377,611.6015132
468,22/06/2009,510,504,495,489,0.793,,643.1273644,635.5611602,624.2118537,616.6456494
469,29/06/2009,510,504,495,489,0.793,,643.1273644,635.5611602,624.2118537,616.6456494
470,6/07/2009,510,500,498,490,0.8,,637.5,625,622.5,612.5
471,13/07/2009,510,503,500,491,0.8,,637.5,628.75,625,613.75
472,20/07/2009,510,500,498,490,0.8,,637.5,625,622.5,612.5
473,27/07/2009,510,493,492,488,0.8,,637.5,616.25,615,610
474,3/08/2009,450,463,468,469,0.8,,562.5,578.75,585,586.25
475,10/08/2009,420,435,443,453,0.8,,525,543.75,553.75,566.25
476,17/08/2009,400,428,435,448,0.8,,500,535,543.75,560
477,24/08/2009,400,425,433,445,0.8,,500,531.25,541.25,556.25
478,31/08/2009,360,421,432,446,0.8,,450,526.25,540,557.5
479,7/09/2009,360,421,435,447,0.8,,450,526.25,543.75,558.75
480,14/09/2009,370,429,438,447,0.8,,462.5,536.25,547.5,558.75
481,21/09/2009,430,423,429,433,0.8,,537.5,528.75,536.25,541.25
482,28/09/2009,430,425,431,434,0.8,,537.5,531.25,538.75,542.5
483,5/10/2009,430,424,429,437,0.805,,534.1614907,526.7080745,532.9192547,542.8571429
484,12/10/2009,430,425,429,432,0.805,,534.1614907,527.9503106,532.9192547,536.6459627
485,19/10/2009,430,425,429,432,0.805,,534.1614907,527.9503106,532.9192547,536.6459627
486,26/10/2009,410,416,415,416,0.805,,509.3167702,516.7701863,515.5279503,516.7701863
487,2/11/2009,410,403,404,406,0.805,,509.3167702,500.621118,501.863354,504.3478261
488,9/11/2009,410,401,402,403,0.805,,509.3167702,498.136646,499.378882,500.621118
489,16/11/2009,410,396,395,395,0.805,,509.3167702,491.9254658,490.6832298,490.6832298
490,23/11/2009,378,385,385,385,0.805,,469.5652174,478.2608696,478.2608696,478.2608696
491,30/11/2009,378,382,382,382,0.805,,469.5652174,474.5341615,474.5341615,474.5341615
492,7/12/2009,403,413,412,413,0.805,,500.621118,513.0434783,511.8012422,513.0434783
493,14/12/2009,410,417,415,416,0.805,,509.3167702,518.0124224,515.5279503,516.7701863
494,11/01/2010,415,452,452,453,0.812,,511.0837438,556.6502463,556.6502463,557.8817734
495,18/01/2010,420,463,463,456,0.812,,517.2413793,570.1970443,570.1970443,561.5763547
496,25/01/2010,450,469,469,463,0.812,,554.1871921,577.5862069,577.5862069,570.1970443
497,1/02/2010,450,472,472,466,0.812,,554.1871921,581.2807882,581.2807882,573.8916256
498,8/02/2010,450,465,465,462,0.812,,554.1871921,572.6600985,572.6600985,568.9655172
499,15/02/2010,450,468,468,465,0.812,,554.1871921,576.3546798,576.3546798,572.6600985
500,22/02/2010,450,471,471,469,0.812,,554.1871921,580.0492611,580.0492611,577.5862069
501,1/03/2010,450,477,477,473,0.812,,554.1871921,587.4384236,587.4384236,582.5123153
502,8/03/2010,460,474,474,471,0.812,,566.5024631,583.7438424,583.7438424,580.0492611
503,15/03/2010,460,471,471,470,0.812,,566.5024631,580.0492611,580.0492611,578.817734
504,22/03/2010,460,473,473,468,0.812,,566.5024631,582.5123153,582.5123153,576.3546798
505,29/03/2010,450,471,471,466,0.812,,554.1871921,580.0492611,580.0492611,573.8916256
506,5/04/2010,450,472,472,465,0.817,,550.7955936,577.7233782,577.7233782,569.1554468
507,12/04/2010,450,472,472,466,0.817,,550.7955936,577.7233782,577.7233782,570.379437
508,19/04/2010,450,467,467,462,0.817,,550.7955936,571.6034272,571.6034272,565.4834761
509,26/04/2010,450,463,463,460,0.817,,550.7955936,566.7074663,566.7074663,563.0354957
510,3/05/2010,450,473,471,467,0.817,,550.7955936,578.9473684,576.499388,571.6034272
511,10/05/2010,450,478,476,472,0.817,,550.7955936,585.0673195,582.619339,577.7233782
512,17/05/2010,470,486,485,477,0.817,,575.2753978,594.8592411,593.6352509,583.8433293
513,24/05/2010,470,485,485,479,0.817,,575.2753978,593.6352509,593.6352509,586.2913097
514,31/05/2010,470,491,491,486,0.817,,575.2753978,600.9791922,600.9791922,594.8592411
515,7/06/2010,470,494,494,491,0.817,,575.2753978,604.6511628,604.6511628,600.9791922
516,14/06/2010,470,497,497,492,0.817,,575.2753978,608.3231334,608.3231334,602.2031824
517,21/06/2010,470,501,501,495,0.817,,575.2753978,613.2190942,613.2190942,605.875153
518,28/06/2010,500,503,503,494,0.817,,611.995104,615.6670747,615.6670747,604.6511628
519,5/07/2010,500,504,504,494,0.823,,607.5334143,612.3936817,612.3936817,600.2430134
520,12/07/2010,500,495,494,483,0.823,,607.5334143,601.4580802,600.2430134,586.8772783
521,19/07/2010,500,493,491,481,0.823,,607.5334143,599.0279465,596.5978129,584.4471446
522,26/07/2010,490,492,492,480,0.823,,595.3827461,597.8128797,597.8128797,583.2320778
523,2/08/2010,490,500,500,487,0.823,,595.3827461,607.5334143,607.5334143,591.7375456
524,9/08/2010,490,512,512,495,0.823,,595.3827461,622.1142163,622.1142163,601.4580802
525,16/08/2010,490,515,515,496,0.823,,595.3827461,625.7594168,625.7594168,602.673147
526,23/08/2010,490,515,515,496,0.823,,595.3827461,625.7594168,625.7594168,602.673147
527,30/08/2010,500,519,519,494,0.823,,607.5334143,630.6196841,630.6196841,600.2430134
528,6/09/2010,510,526,524,500,0.823,,619.6840826,639.1251519,636.6950182,607.5334143
529,13/09/2010,510,524,522,501,0.823,,619.6840826,636.6950182,634.2648846,608.7484812
530,20/09/2010,505,517,517,494,0.823,,613.6087485,628.1895504,628.1895504,600.2430134
531,27/09/2010,500,505,505,486,0.823,,607.5334143,613.6087485,613.6087485,590.5224787
532,4/10/2010,460,482,482,469,0.827,,556.2273277,582.8295042,582.8295042,567.1100363
533,11/10/2010,460,474,474,463,0.827,,556.2273277,573.1559855,573.1559855,559.8548972
534,18/10/2010,440,470,470,460,0.827,,532.0435308,568.3192261,568.3192261,556.2273277
535,25/10/2010,430,465,465,455,0.827,,519.9516324,562.2732769,562.2732769,550.1813785
536,1/11/2010,430,460,460,452,0.827,,519.9516324,556.2273277,556.2273277,546.5538089
537,8/11/2010,420,459,459,452,0.827,,507.859734,555.0181378,555.0181378,546.5538089
538,15/11/2010,420,463,465,455,0.827,,507.859734,559.8548972,562.2732769,550.1813785
539,22/11/2010,420,467,468,457,0.827,,507.859734,564.6916566,565.9008464,552.5997582
540,29/11/2010,420,475,475,464,0.827,,507.859734,574.3651753,574.3651753,561.0640871
541,6/12/2010,450,488,489,488,0.827,,544.1354293,590.0846433,591.2938331,590.0846433
542,13/12/2010,450,495,495,493,0.827,,544.1354293,598.5489722,598.5489722,596.1305925
543,10/01/2011,485,521,521,522,0.839,,578.0691299,620.977354,620.977354,622.1692491
544,17/01/2011,520,535,535,537,0.839,,619.7854589,637.6638856,637.6638856,640.0476758
545,24/01/2011,520,537,537,537,0.839,,619.7854589,640.0476758,640.0476758,640.0476758
546,31/01/2011,520,538,542,546,0.839,,619.7854589,641.2395709,646.0071514,650.7747318
547,7/02/2011,550,558,559,558,0.839,,655.5423123,665.0774732,666.2693683,665.0774732
548,14/02/2011,550,568,567,562,0.839,,655.5423123,676.9964243,675.8045292,669.8450536
549,21/02/2011,550,576,577,571,0.839,,655.5423123,686.5315852,687.7234803,680.5721097
550,28/02/2011,550,600,600,596,0.839,,655.5423123,715.1370679,715.1370679,710.3694875
551,7/03/2011,560,601,601,597,0.839,,667.4612634,716.3289631,716.3289631,711.5613826
552,14/03/2011,570,602,602,598,0.839,,679.3802145,717.5208582,717.5208582,712.7532777
553,21/03/2011,570,598,598,593,0.839,,679.3802145,712.7532777,712.7532777,706.7938021
554,28/03/2011,570,600,600,593,0.839,,679.3802145,715.1370679,715.1370679,706.7938021
555,4/04/2011,570,597,597,589,0.846,,673.7588652,705.6737589,705.6737589,696.2174941
556,11/04/2011,570,596,596,587,0.846,,673.7588652,704.4917258,704.4917258,693.8534279
557,18/04/2011,570,594,595,586,0.846,,673.7588652,702.1276596,703.3096927,692.6713948
558,25/04/2011,570,598,598,590,0.846,,673.7588652,706.855792,706.855792,697.3995272
559,2/05/2011,600,584,583,574,0.846,,709.2198582,690.3073286,689.1252955,678.4869976
560,9/05/2011,570,559,565,548,0.846,,673.7588652,660.7565012,667.8486998,647.7541371
561,16/05/2011,580,563,567,544,0.846,,685.5791962,665.4846336,670.212766,643.0260047
562,23/05/2011,580,566,569,546,0.846,,685.5791962,669.0307329,672.5768322,645.3900709
563,30/05/2011,580,578,580,553,0.846,,685.5791962,683.21513,685.5791962,653.6643026
564,6/06/2011,580,562,565,538,0.846,,685.5791962,664.3026005,667.8486998,635.9338061
565,13/06/2011,530,552,556,530,0.846,,626.4775414,652.4822695,657.2104019,626.4775414
566,20/06/2011,560,546,548,525,0.846,,661.9385343,645.3900709,647.7541371,620.5673759
567,27/06/2011,560,513,512,498,0.846,,661.9385343,606.3829787,605.2009456,588.6524823
568,4/07/2011,560,510,509,494,0.852,,657.2769953,598.5915493,597.4178404,579.8122066
569,11/07/2011,560,502,500,484,0.852,,657.2769953,589.2018779,586.8544601,568.0751174
570,18/07/2011,500,480,480,454,0.852,,586.8544601,563.3802817,563.3802817,532.8638498
571,25/07/2011,450,480,480,449,0.852,,528.1690141,563.3802817,563.3802817,526.9953052
572,1/08/2011,480,496,495,465,0.852,,563.3802817,582.1596244,580.9859155,545.7746479
573,8/08/2011,480,491,490,461,0.852,,563.3802817,576.2910798,575.1173709,541.0798122
574,15/08/2011,480,489,488,458,0.852,,563.3802817,573.943662,572.7699531,537.5586854
575,22/08/2011,480,494,493,468,0.852,,563.3802817,579.8122066,578.6384977,549.2957746
576,29/08/2011,480,500,499,470,0.852,,563.3802817,586.8544601,585.6807512,551.6431925
577,5/09/2011,480,493,495,469,0.852,,563.3802817,578.6384977,580.9859155,550.4694836
578,12/09/2011,480,495,498,471,0.852,,563.3802817,580.9859155,584.5070423,552.8169014
579,19/09/2011,480,496,498,472,0.852,,563.3802817,582.1596244,584.5070423,553.9906103
580,26/09/2011,480,490,492,471,0.852,,563.3802817,575.1173709,577.4647887,552.8169014
581,3/10/2011,480,499,501,486,0.852,,563.3802817,585.6807512,588.028169,570.4225352
582,10/10/2011,505,506,508,496,0.852,,592.7230047,593.8967136,596.2441315,582.1596244
583,17/10/2011,505,505,508,502,0.852,,592.7230047,592.7230047,596.2441315,589.2018779
584,24/10/2011,505,513,513,496,0.852,,592.7230047,602.1126761,602.1126761,582.1596244
585,31/10/2011,495,505,505,488,0.852,,580.9859155,592.7230047,592.7230047,572.7699531
586,7/11/2011,485,506,506,489,0.852,,569.2488263,593.8967136,593.8967136,573.943662
587,14/11/2011,485,498,499,487,0.852,,569.2488263,584.5070423,585.6807512,571.5962441
588,21/11/2011,485,497,497,490,0.852,,569.2488263,583.3333333,583.3333333,575.1173709
589,28/11/2011,495,500,501,496,0.852,,580.9859155,586.8544601,588.028169,582.1596244
590,5/12/2011,500,510,510,504,0.852,,586.8544601,598.5915493,598.5915493,591.5492958
591,12/12/2011,500,512,512,504,0.852,,586.8544601,600.9389671,600.9389671,591.5492958
592,9/01/2012,465,507,507,504,0.852,,545.7746479,595.0704225,595.0704225,591.5492958
593,16/01/2012,445,494,494,484,0.852,,522.3004695,579.8122066,579.8122066,568.0751174
594,23/01/2012,435,492,492,473,0.852,,510.5633803,577.4647887,577.4647887,555.1643192
595,30/01/2012,435,492,492,473,0.852,,510.5633803,577.4647887,577.4647887,555.1643192
596,6/02/2012,445,506,506,481,0.852,,522.3004695,593.8967136,593.8967136,564.5539906
597,13/02/2012,440,489,489,467,0.852,,516.4319249,573.943662,573.943662,548.1220657
598,20/02/2012,420,468,465,451,0.852,,492.9577465,549.2957746,545.7746479,529.342723
599,27/02/2012,420,467,464,450,0.852,,492.9577465,548.1220657,544.600939,528.1690141
600,5/03/2012,425,472,469,457,0.852,,498.8262911,553.9906103,550.4694836,536.3849765
601,12/03/2012,425,474,475,462,0.852,,498.8262911,556.3380282,557.5117371,542.2535211
602,19/03/2012,420,467,465,453,0.852,,492.9577465,548.1220657,545.7746479,531.6901408
603,26/03/2012,420,464,463,451,0.852,,492.9577465,544.600939,543.42723,529.342723
604,2/04/2012,420,461,462,453,0.857,,490.0816803,537.9229872,539.0898483,528.588098
605,9/04/2012,420,456,454,450,0.857,,490.0816803,532.0886814,529.7549592,525.0875146
606,16/04/2012,420,458,455,448,0.857,,490.0816803,534.4224037,530.9218203,522.7537923
607,23/04/2012,420,433,432,425,0.857,,490.0816803,505.2508751,504.084014,495.915986
608,30/04/2012,420,437,435,429,0.857,,490.0816803,509.9183197,507.5845974,500.5834306
609,7/05/2012,420,443,442,442,0.857,,490.0816803,516.9194866,515.7526254,515.7526254
610,14/05/2012,420,446,444,439,0.857,,490.0816803,520.42007,518.0863477,512.252042
611,21/05/2012,420,441,438,433,0.857,,490.0816803,514.5857643,511.0851809,505.2508751
612,28/05/2012,420,443,442,427,0.857,,490.0816803,516.9194866,515.7526254,498.2497083
613,4/06/2012,420,444,444,431,0.857,,490.0816803,518.0863477,518.0863477,502.9171529
614,11/06/2012,420,446,446,427,0.857,,490.0816803,520.42007,520.42007,498.2497083
615,18/06/2012,420,450,454,438,0.857,,490.0816803,525.0875146,529.7549592,511.0851809
616,25/06/2012,420,446,450,430,0.857,,490.0816803,520.42007,525.0875146,501.7502917
617,2/07/2012,420,453,437,421,0.869,,483.3141542,521.2888377,502.87687,484.4649022
618,9/07/2012,420,449,438,426,0.869,,483.3141542,516.6858458,504.027618,490.2186421
619,16/07/2012,420,451,439,427,0.869,,483.3141542,518.9873418,505.1783659,491.3693901
620,23/07/2012,420,455,445,428,0.869,,483.3141542,523.5903337,512.0828539,492.5201381
621,30/07/2012,420,460,447,422,0.869,,483.3141542,529.3440736,514.3843498,485.6156502
622,6/08/2012,420,450,441,415,0.869,,483.3141542,517.8365938,507.4798619,477.5604143
623,13/08/2012,420,442,435,411,0.869,,483.3141542,508.6306099,500.575374,472.9574223
624,20/08/2012,420,413,404,396,0.869,,483.3141542,475.2589183,464.9021864,455.6962025
625,27/08/2012,420,403,393,390,0.869,,483.3141542,463.7514384,452.2439586,448.7917146
626,3/09/2012,420,412,407,404,0.869,,483.3141542,474.1081703,468.3544304,464.9021864
627,10/09/2012,400,427,421,416,0.869,,460.2991945,491.3693901,484.4649022,478.7111623
628,17/09/2012,390,419,416,410,0.869,,448.7917146,482.1634062,478.7111623,471.8066743
629,24/09/2012,390,409,410,404,0.869,,448.7917146,470.6559264,471.8066743,464.9021864
630,1/10/2012,385,403,404,398,0.87,,442.5287356,463.2183908,464.3678161,457.4712644
631,8/10/2012,365,401,399,384,0.87,,419.5402299,460.9195402,458.6206897,441.3793103
632,15/10/2012,360,397,395,380,0.87,,413.7931034,456.3218391,454.0229885,436.7816092
633,22/10/2012,360,394,395,386,0.87,,413.7931034,452.8735632,454.0229885,443.6781609
634,29/10/2012,360,373,371,365,0.87,,413.7931034,428.7356322,426.4367816,419.5402299
635,5/11/2012,360,362,363,360,0.87,,413.7931034,416.091954,417.2413793,413.7931034
636,12/11/2012,355,357,358,360,0.87,,408.045977,410.3448276,411.4942529,413.7931034
637,19/11/2012,345,341,342,346,0.87,,396.5517241,391.954023,393.1034483,397.7011494
638,26/11/2012,335,341,342,341,0.87,,385.0574713,391.954023,393.1034483,391.954023
639,3/12/2012,335,351,351,348,0.87,,385.0574713,403.4482759,403.4482759,400
640,10/12/2012,340,358,358,355,0.87,,390.8045977,411.4942529,411.4942529,408.045977
641,7/01/2013,357,367,367,364,0.874,,408.4668192,419.9084668,419.9084668,416.4759725
642,14/01/2013,350,366,366,362,0.874,,400.4576659,418.7643021,418.7643021,414.187643
643,21/01/2013,350,355,355,355,0.874,,400.4576659,406.1784897,406.1784897,406.1784897
644,28/01/2013,350,355,358,355,0.874,,400.4576659,406.1784897,409.610984,406.1784897
645,4/02/2013,353,359,358,357,0.874,,403.8901602,410.7551487,409.610984,408.4668192
646,11/02/2013,353,359,358,357,0.874,,403.8901602,410.7551487,409.610984,408.4668192
647,18/02/2013,360,368,368,362,0.874,,411.8993135,421.0526316,421.0526316,414.187643
648,25/02/2013,380,391,394,389,0.874,,434.7826087,447.3684211,450.8009153,445.0800915
649,4/03/2013,403,408,411,403,0.874,,461.0983982,466.819222,470.2517162,461.0983982
650,11/03/2013,410,422,422,421,0.874,,469.1075515,482.8375286,482.8375286,481.6933638
651,18/03/2013,417,431,431,430,0.874,,477.1167048,493.1350114,493.1350114,491.9908467
652,25/03/2013,417,431,431,430,0.874,,477.1167048,493.1350114,493.1350114,491.9908467
653,1/04/2013,417,433,437,432,0.877,,475.4846066,493.7286203,498.2896237,492.5883694
654,8/04/2013,417,434,438,433,0.877,,475.4846066,494.8688712,499.4298746,493.7286203
655,15/04/2013,407,425,425,424,0.877,,464.0820981,484.6066135,484.6066135,483.4663626
656,22/04/2013,407,425,425,423,0.877,,464.0820981,484.6066135,484.6066135,482.3261117
657,29/04/2013,400,421,421,420,0.877,,456.1003421,480.04561,480.04561,478.9053592
658,6/05/2013,350,416,416,420,0.877,,399.0877993,474.3443558,474.3443558,478.9053592
659,13/05/2013,300,405,406,410,0.877,,342.0752566,461.8015964,462.9418472,467.5028506
660,20/05/2013,350,416,416,419,0.877,,399.0877993,474.3443558,474.3443558,477.7651083
661,27/05/2013,395,433,431,429,0.877,,450.3990878,493.7286203,491.4481186,489.1676169
662,3/06/2013,360,448,447,439,0.877,,410.4903079,510.8323831,509.6921323,500.5701254
663,10/06/2013,370,460,460,449,0.877,,421.8928164,524.5153934,524.5153934,511.972634
664,17/06/2013,380,491,490,480,0.877,,433.295325,559.8631699,558.722919,547.3204105
665,24/06/2013,390,496,494,485,0.877,,444.6978335,565.5644242,563.2839225,553.0216648
666,1/07/2013,390,496,494,485,0.887,,439.6843292,559.1882751,556.9334837,546.7869222
667,8/07/2013,400,504,501,498,0.887,,450.9582864,568.2074408,564.8252537,561.4430665
668,15/07/2013,410,509,506,498,0.887,,462.2322435,573.8444194,570.4622322,561.4430665
669,22/07/2013,410,509,506,499,0.887,,462.2322435,573.8444194,570.4622322,562.5704622
670,29/07/2013,410,509,506,503,0.887,,462.2322435,573.8444194,570.4622322,567.0800451
671,5/08/2013,410,509,506,503,0.887,,462.2322435,573.8444194,570.4622322,567.0800451
672,12/08/2013,400,509,506,503,0.887,,450.9582864,573.8444194,570.4622322,567.0800451
673,19/08/2013,365,479,479,483,0.887,,411.4994363,540.0225479,540.0225479,544.5321308
674,26/08/2013,350,460,460,461,0.887,,394.5885006,518.6020293,518.6020293,519.729425
675,2/09/2013,350,447,447,448,0.887,,394.5885006,503.945885,503.945885,505.0732807
676,9/09/2013,,458,458,453,0.887,,,516.3472379,516.3472379,510.7102593
677,16/09/2013,,453,453,448,0.887,,,510.7102593,510.7102593,505.0732807
678,23/09/2013,,453,453,448,0.887,,,510.7102593,510.7102593,505.0732807
679,30/09/2013,,451,451,444,0.887,,,508.4554679,508.4554679,500.5636979
680,7/10/2013,,449,449,443,0.894,,,502.2371365,502.2371365,495.5257271
681,14/10/2013,,448,448,442,0.894,,,501.1185682,501.1185682,494.4071588
682,21/10/2013,,424,424,419,0.894,,,474.2729306,474.2729306,468.6800895
683,28/10/2013,,419,419,413,0.894,,,468.6800895,468.6800895,461.9686801
684,4/11/2013,,420,420,414,0.894,,,469.7986577,469.7986577,463.0872483
685,11/11/2013,,418,418,411,0.894,,,467.5615213,467.5615213,459.7315436
686,18/11/2013,,421,421,416,0.894,,,470.917226,470.917226,465.3243848
687,25/11/2013,,420,420,414,0.894,,,469.7986577,469.7986577,463.0872483
688,2/12/2013,,420,420,421,0.894,,,469.7986577,469.7986577,470.917226
689,9/12/2013,,432,432,428,0.894,,,483.2214765,483.2214765,478.7472036
690,16/12/2013,,432.75,432.75,428,0.894,,,484.0604027,484.0604027,478.7472036
691,23/12/2013,,433.5,433.5,428,0.894,,,484.8993289,484.8993289,478.7472036
692,30/12/2013,,434.25,434.25,428,0.894,,,485.738255,485.738255,478.7472036
693,6/01/2014,,435,435,428,0.899,,,483.8709677,483.8709677,476.0845384
694,13/01/2014,,436,436,429,0.899,,,484.9833148,484.9833148,477.1968854
695,20/01/2014,,441,441,433,0.899,,,490.5450501,490.5450501,481.6462736
696,27/01/2014,,446,446,440,0.899,,,496.1067853,496.1067853,489.432703
697,3/02/2014,,453,453,446,0.899,,,503.8932147,503.8932147,496.1067853
698,10/02/2014,,466,466,461,0.899,,,518.3537264,518.3537264,512.7919911
699,17/02/2014,,487,487,481,0.899,,,541.7130145,541.7130145,535.0389321
700,24/02/2014,,517,523,518,0.899,,,575.083426,581.7575083,576.1957731
701,3/03/2014,,539,539,537,0.899,,,599.5550612,599.5550612,597.3303671
702,10/03/2014,,571,571,566,0.899,,,635.1501669,635.1501669,629.5884316
703,17/03/2014,,578,578,576,0.899,,,642.9365962,642.9365962,640.7119021
704,24/03/2014,,573,573,571,0.899,,,637.374861,637.374861,635.1501669
705,31/03/2014,,571,571,568,0.899,,,635.1501669,635.1501669,631.8131257
706,7/04/2014,,565,565,561,0.904,,,625,625,620.5752212
707,14/04/2014,,568,568,566,0.904,,,628.3185841,628.3185841,626.1061947
708,21/04/2014,,577,577,571,0.904,,,638.2743363,638.2743363,631.6371681
709,28/04/2014,,586,586,577,0.904,,,648.2300885,648.2300885,638.2743363
710,5/05/2014,,594,594,587,0.904,,,657.079646,657.079646,649.3362832
711,12/05/2014,,594,594,587,0.904,,,657.079646,657.079646,649.3362832
712,19/05/2014,,596,596,588,0.904,,,659.2920354,659.2920354,650.4424779
713,26/05/2014,,587,587,584,0.904,,,649.3362832,649.3362832,646.0176991
714,2/06/2014,,584,584,582,0.904,,,646.0176991,646.0176991,643.8053097
715,9/06/2014,,586,586,584,0.904,,,648.2300885,648.2300885,646.0176991
716,16/06/2014,,592,592,588,0.904,,,654.8672566,654.8672566,650.4424779
717,23/06/2014,,589,589,585,0.904,,,651.5486726,651.5486726,647.1238938
718,30/06/2014,,587,587,583,0.904,,,649.3362832,649.3362832,644.9115044
719,7/07/2014,,570,573,570,0.908,,,627.753304,631.0572687,627.753304
720,14/07/2014,,561,564,566,0.908,,,617.8414097,621.1453744,623.3480176
721,21/07/2014,,558,561,566,0.908,,,614.5374449,617.8414097,623.3480176
722,28/07/2014,,534,539,550,0.908,,,588.1057269,593.6123348,605.7268722
723,4/08/2014,,516,520,525,0.908,,,568.2819383,572.6872247,578.1938326
724,11/08/2014,,495,495,500,0.908,,,545.154185,545.154185,550.660793
725,18/08/2014,,490,488,489,0.908,,,539.6475771,537.4449339,538.5462555
726,25/08/2014,,490,488,489,0.908,,,539.6475771,537.4449339,538.5462555
727,1/09/2014,,497,497,489,0.908,,,547.3568282,547.3568282,538.5462555
728,8/09/2014,,499,499,491,0.908,,,549.5594714,549.5594714,540.7488987
729,15/09/2014,,489,489,488,0.908,,,538.5462555,538.5462555,537.4449339
730,22/09/2014,,492,492,491,0.908,,,541.8502203,541.8502203,540.7488987
731,29/09/2014,,492,492,491,0.908,,,541.8502203,541.8502203,540.7488987
732,6/10/2014,,491,491,490,0.91,,,539.5604396,539.5604396,538.4615385
733,13/10/2014,,490,490,490,0.91,,,538.4615385,538.4615385,538.4615385
734,20/10/2014,,483,483,482,0.91,,,530.7692308,530.7692308,529.6703297
735,27/10/2014,,470,470,468,0.91,,,516.4835165,516.4835165,514.2857143
736,3/11/2014,,468,470,468,0.91,,,514.2857143,516.4835165,514.2857143
737,10/11/2014,,463,467,463,0.91,,,508.7912088,513.1868132,508.7912088
738,17/11/2014,,463,467,463,0.91,,,508.7912088,513.1868132,508.7912088
739,24/11/2014,,472,476,471,0.91,,,518.6813187,523.0769231,517.5824176
740,1/12/2014,,484,488,488,0.91,,,531.8681319,536.2637363,536.2637363
741,8/12/2014,,496,500,501,0.91,,,545.0549451,549.4505495,550.5494505
742,15/12/2014,,501,505,504,0.91,,,550.5494505,554.9450549,553.8461538
743,22/12/2014,,502.75,507.75,507,0.91,,,552.4725275,557.967033,557.1428571
744,29/12/2014,,504.5,510.5,510,0.91,,,554.3956044,560.989011,560.4395604
745,5/01/2015,,506.25,513.25,513,0.911,,,555.7080132,563.3918771,563.1174533
746,12/01/2015,,508,516,516,0.911,,,557.6289791,566.4105379,566.4105379
747,19/01/2015,,521,531,533,0.911,,,571.8990121,582.8759605,585.0713502
748,26/01/2015,,523,533,534,0.911,,,574.0944018,585.0713502,586.169045
749,2/02/2015,,530,540,543,0.911,,,581.7782656,592.7552141,596.0482986
750,9/02/2015,,540,550,554,0.911,,,592.7552141,603.7321625,608.1229418
751,16/02/2015,,534,544,546,0.911,,,586.169045,597.1459934,599.3413831
752,23/02/2015,,521,531,531,0.911,,,571.8990121,582.8759605,582.8759605
753,2/03/2015,,530,540,530,0.911,,,581.7782656,592.7552141,581.7782656
754,9/03/2015,,525,535,527,0.911,,,576.2897914,587.2667398,578.4851811
755,16/03/2015,,516,526,517,0.911,,,566.4105379,577.3874863,567.5082327
756,23/03/2015,,510,520,510,0.911,,,559.8243688,570.8013172,559.8243688
757,30/03/2015,,515,525,516,0.911,,,565.312843,576.2897914,566.4105379
758,6/04/2015,,519,529,520,0.917,,,565.9760087,576.8811341,567.0665213
759,13/04/2015,,525,535,527,0.917,,,572.519084,583.4242094,574.7001091
760,20/04/2015,,529,539,531,0.917,,,576.8811341,587.7862595,579.0621592
761,27/04/2015,,535,545,539,0.917,,,583.4242094,594.3293348,587.7862595
762,4/05/2015,,535,545,531,0.917,,,583.4242094,594.3293348,579.0621592
763,11/05/2015,,535,554,551,0.917,,,583.4242094,604.1439477,600.87241
764,18/05/2015,,539,558,556,0.917,,,587.7862595,608.5059978,606.3249727
765,25/05/2015,,549,561,560,0.917,,,598.691385,611.7775354,610.6870229
766,1/06/2015,,554,567,567,0.917,,,604.1439477,618.3206107,618.3206107
767,8/06/2015,,554,567,570,0.917,,,604.1439477,618.3206107,621.5921483
768,15/06/2015,,551,566,565,0.917,,,600.87241,617.2300981,616.1395856
769,22/06/2015,,546,564,563,0.917,,,595.4198473,615.0490731,613.9585605
770,29/06/2015,,560,576,571,0.917,,,610.6870229,628.1352236,622.6826609
771,6/07/2015,,558,573,569,0.922,,,605.2060738,621.4750542,617.1366594
772,13/07/2015,,558,573,569,0.922,,,605.2060738,621.4750542,617.1366594
773,20/07/2015,,570,575,570,0.922,,,618.2212581,623.6442516,618.2212581
774,27/07/2015,,570,575,570,0.922,,,618.2212581,623.6442516,618.2212581
775,3/08/2015,,570,579,576,0.922,,,618.2212581,627.9826464,624.7288503
776,10/08/2015,,571,580,577,0.922,,,619.3058568,629.0672451,625.813449
777,17/08/2015,,567,576,574,0.922,,,614.967462,624.7288503,622.5596529
778,24/08/2015,,567,576,574,0.922,,,614.967462,624.7288503,622.5596529
779,31/08/2015,,569,578,577,0.922,,,617.1366594,626.8980477,625.813449
780,7/09/2015,,565,578,582,0.922,,,612.7982646,626.8980477,631.2364425
781,14/09/2015,,558,568,568,0.922,,,605.2060738,616.0520607,616.0520607
782,21/09/2015,,543,553,549,0.922,,,588.9370933,599.7830803,595.4446855
783,28/09/2015,,539,549,544,0.922,,,584.5986985,595.4446855,590.021692
784,5/10/2015,,526,536,530,0.925,,,568.6486486,579.4594595,572.972973
785,12/10/2015,,478,494,494,0.925,,,516.7567568,534.0540541,534.0540541
786,19/10/2015,,465,478,478,0.925,,,502.7027027,516.7567568,516.7567568
787,26/10/2015,,468,488,488,0.925,,,505.9459459,527.5675676,527.5675676
788,2/11/2015,,470,493,493,0.925,,,508.1081081,532.972973,532.972973
789,9/11/2015,,487,512,512,0.925,,,526.4864865,553.5135135,553.5135135
790,16/11/2015,,500,525,525,0.925,,,540.5405405,567.5675676,567.5675676
791,23/11/2015,,505,530,530,0.925,,,545.9459459,572.972973,572.972973
792,30/11/2015,,505,530,530,0.925,,,545.9459459,572.972973,572.972973
793,7/12/2015,,500,525,525,0.925,,,540.5405405,567.5675676,567.5675676
794,14/12/2015,,500,520,520,0.925,,,540.5405405,562.1621622,562.1621622
795,21/12/2015,,498.75,520.5,520.5,0.925,,,539.1891892,562.7027027,562.7027027
796,28/12/2015,,497.5,521,521,0.925,,,537.8378378,563.2432432,563.2432432
797,4/01/2016,,496.25,521.5,521.5,0.923,,,537.6489707,565.0054171,565.0054171
798,11/01/2016,,495,522,522,0.923,,,536.2946912,565.5471289,565.5471289
799,18/01/2016,,482,508,508,0.923,,,522.2101842,550.3791983,550.3791983
800,25/01/2016,,488,508,508,0.923,,,528.7107259,550.3791983,550.3791983
801,1/02/2016,,498,518,518,0.923,,,539.5449621,561.2134345,561.2134345
802,8/02/2016,,508,528,530,0.923,,,550.3791983,572.0476706,574.2145179
803,15/02/2016,,505,525,527,0.923,,,547.1289274,568.7973998,570.964247
804,22/02/2016,,505,525,527,0.923,,,547.1289274,568.7973998,570.964247
805,29/02/2016,,503,523,523,0.923,,,544.9620802,566.6305525,566.6305525
806,7/03/2016,,485,502,502,0.923,,,525.460455,543.8786566,543.8786566
807,14/03/2016,,483,500,500,0.923,,,523.2936078,541.7118093,541.7118093
808,21/03/2016,,485,502,502,0.923,,,525.460455,543.8786566,543.8786566
809,28/03/2016,,485,502,502,0.923,,,525.460455,543.8786566,543.8786566
810,4/04/2016,,506,514,514,0.927,,,545.8468177,554.4768069,554.4768069
811,11/04/2016,,502,510,510,0.927,,,541.5318231,550.1618123,550.1618123
812,18/04/2016,,500,508,508,0.927,,,539.3743258,548.004315,548.004315
813,25/04/2016,,500,508,508,0.927,,,539.3743258,548.004315,548.004315
814,2/05/2016,,502,510,510,0.927,,,541.5318231,550.1618123,550.1618123
815,9/05/2016,,512,520,520,0.927,,,552.3193096,560.9492988,560.9492988
816,16/05/2016,,512,520,520,0.927,,,552.3193096,560.9492988,560.9492988
817,23/05/2016,,540,548,540,0.927,,,582.5242718,591.1542611,582.5242718
818,30/05/2016,,574,582,578,0.927,,,619.201726,627.8317152,623.5167206
819,6/06/2016,,580,588,584,0.927,,,625.6742179,634.3042071,629.9892125
820,13/06/2016,,584,592,588,0.927,,,629.9892125,638.6192017,634.3042071
821,20/06/2016,,592,600,596,0.927,,,638.6192017,647.2491909,642.9341963
822,27/06/2016,,596,604,600,0.927,,,642.9341963,651.5641855,647.2491909
823,4/07/2016,,608,616,616,0.933,,,651.6613076,660.2357985,660.2357985
824,11/07/2016,,604,612,612,0.933,,,647.3740622,655.9485531,655.9485531
825,18/07/2016,,602,610,610,0.933,,,645.2304394,653.8049303,653.8049303
826,25/07/2016,,602,610,610,0.933,,,645.2304394,653.8049303,653.8049303
827,1/08/2016,,602,610,610,0.933,,,645.2304394,653.8049303,653.8049303
828,8/08/2016,,602,610,610,0.933,,,645.2304394,653.8049303,653.8049303
829,15/08/2016,,602,610,610,0.933,,,645.2304394,653.8049303,653.8049303
830,22/08/2016,,588,598,598,0.933,,,630.2250804,640.943194,640.943194
831,29/08/2016,,563,575,575,0.933,,,603.4297964,616.2915327,616.2915327
832,5/09/2016,,543,560,560,0.933,,,581.9935691,600.2143623,600.2143623
833,12/09/2016,,543,560,560,0.933,,,581.9935691,600.2143623,600.2143623
834,19/09/2016,,553,570,570,0.933,,,592.7116827,610.9324759,610.9324759
835,26/09/2016,,560,578,578,0.933,,,600.2143623,619.5069668,619.5069668
836,3/10/2016,,555,573,573,0.939,,,591.0543131,610.2236422,610.2236422
837,10/10/2016,,558,566,575,0.939,,,594.2492013,602.7689031,612.3535676
838,17/10/2016,,534,550,548,0.939,,,568.6900958,585.7294995,583.599574
839,24/10/2016,,530,546,543,0.939,,,564.4302449,581.4696486,578.2747604
840,31/10/2016,,526,542,543,0.939,,,560.170394,577.2097977,578.2747604
841,7/11/2016,,530,546,543,0.939,,,564.4302449,581.4696486,578.2747604
842,14/11/2016,,518,534,533,0.939,,,551.6506922,568.6900958,567.6251331
843,21/11/2016,,518,534,533,0.939,,,551.6506922,568.6900958,567.6251331
844,28/11/2016,,518,534,533,0.939,,,551.6506922,568.6900958,567.6251331
845,5/12/2016,,516,524,530,0.939,,,549.5207668,558.0404686,564.4302449
846,12/12/2016,,514,522,528,0.939,,,547.3908413,555.9105431,562.3003195
847,19/12/2016,,515.2,524.8,530.4,0.939,,,548.6687966,558.8924388,564.85623
848,26/12/2016,,516.4,527.6,532.8,0.939,,,549.9467519,561.8743344,567.4121406
849,2/01/2017,,517.6,530.4,535.2,0.943,,,548.8865323,562.4602333,567.5503712
850,9/01/2017,,518.8,533.2,537.6,0.943,,,550.1590668,565.4294804,570.0954401
851,16/01/2017,,520,536,540,0.943,,,551.4316013,568.3987275,572.640509
852,23/01/2017,,547,563,567,0.943,,,580.0636267,597.0307529,601.2725345
853,30/01/2017,,571,587,583,0.943,,,605.514316,622.4814422,618.2396607
854,6/02/2017,,586,602,602,0.943,,,621.4209968,638.388123,638.388123
855,13/02/2017,,594,602,602,0.943,,,629.9045599,638.388123,638.388123
856,20/02/2017,,626,626,626,0.943,,,663.8388123,663.8388123,663.8388123
857,27/02/2017,,624,624,624,0.943,,,661.7179215,661.7179215,661.7179215
858,6/03/2017,,622,622,622,0.943,,,659.5970308,659.5970308,659.5970308
859,13/03/2017,,620,620,620,0.943,,,657.47614,657.47614,657.47614
860,20/03/2017,,620,620,620,0.943,,,657.47614,657.47614,657.47614
861,27/03/2017,,622,622,622,0.943,,,659.5970308,659.5970308,659.5970308
862,3/04/2017,,644,644,644,0.945,,,681.4814815,681.4814815,681.4814815
863,10/04/2017,,652,652,652,0.945,,,689.9470899,689.9470899,689.9470899
864,17/04/2017,,658,658,658,0.945,,,696.2962963,696.2962963,696.2962963
865,24/04/2017,,656,656,656,0.945,,,694.1798942,694.1798942,694.1798942
866,1/05/2017,,644,644,644,0.945,,,681.4814815,681.4814815,681.4814815
867,8/05/2017,,638,638,638,0.945,,,675.1322751,675.1322751,675.1322751
868,15/05/2017,,638,638,638,0.945,,,675.1322751,675.1322751,675.1322751
869,22/05/2017,,640,640,640,0.945,,,677.2486772,677.2486772,677.2486772
870,29/05/2017,,642,642,642,0.945,,,679.3650794,679.3650794,679.3650794
871,5/06/2017,,642,642,642,0.945,,,679.3650794,679.3650794,679.3650794
872,12/06/2017,,642,642,642,0.945,,,679.3650794,679.3650794,679.3650794
873,19/06/2017,,636,636,636,0.945,,,673.015873,673.015873,673.015873
874,26/06/2017,,632,632,632,0.945,,,668.7830688,668.7830688,668.7830688
875,3/07/2017,,596,596,596,0.951,,,626.7087277,626.7087277,626.7087277
876,10/07/2017,,596,596,596,0.951,,,626.7087277,626.7087277,626.7087277
877,17/07/2017,,596,596,596,0.951,,,626.7087277,626.7087277,626.7087277
878,24/07/2017,,594,594,594,0.951,,,624.6056782,624.6056782,624.6056782
879,31/07/2017,,590,590,590,0.951,,,620.3995794,620.3995794,620.3995794
880,7/08/2017,,600,600,600,0.951,,,630.9148265,630.9148265,630.9148265
881,14/08/2017,,600,600,600,0.951,,,630.9148265,630.9148265,630.9148265
882,21/08/2017,,604,604,604,0.951,,,635.1209253,635.1209253,635.1209253
883,28/08/2017,,598,598,598,0.951,,,628.8117771,628.8117771,628.8117771
884,4/09/2017,,598,598,598,0.951,,,628.8117771,628.8117771,628.8117771
885,11/09/2017,,612,612,612,0.951,,,643.533123,643.533123,643.533123
886,18/09/2017,,612,612,612,0.951,,,643.533123,643.533123,643.533123
887,25/09/2017,,608,608,608,0.951,,,639.3270242,639.3270242,639.3270242
888,2/10/2017,,600,600,600,0.956,,,627.6150628,627.6150628,627.6150628
889,9/10/2017,,600,600,600,0.956,,,627.6150628,627.6150628,627.6150628
890,16/10/2017,,600,600,600,0.956,,,627.6150628,627.6150628,627.6150628
891,23/10/2017,,610,610,610,0.956,,,638.0753138,638.0753138,638.0753138
892,30/10/2017,,620,620,620,0.956,,,648.5355649,648.5355649,648.5355649
893,6/11/2017,,625,625,625,0.956,,,653.7656904,653.7656904,653.7656904
894,13/11/2017,,638,638,638,0.956,,,667.3640167,667.3640167,667.3640167
895,20/11/2017,,638,638,638,0.956,,,667.3640167,667.3640167,667.3640167
896,27/11/2017,,635,635,635,0.956,,,664.2259414,664.2259414,664.2259414
897,4/12/2017,,643,643,643,0.956,,,672.5941423,672.5941423,672.5941423
898,11/12/2017,,650,650,650,0.956,,,679.916318,679.916318,679.916318
899,18/12/2017,,655,655,655,0.956,,,685.1464435,685.1464435,685.1464435
900,25/12/2017,,660,660,660,0.956,,,690.376569,690.376569,690.376569
901,1/01/2018,,665,665,665,0.961,,,691.987513,691.987513,691.987513
902,8/01/2018,,670,670,670,0.961,,,697.1904266,697.1904266,697.1904266
903,15/01/2018,,660,660,660,0.961,,,686.7845994,686.7845994,686.7845994
904,22/01/2018,,640,640,640,0.961,,,665.9729448,665.9729448,665.9729448
905,29/01/2018,,638,638,638,0.961,,,663.8917794,663.8917794,663.8917794
906,5/02/2018,,638,638,638,0.961,,,663.8917794,663.8917794,663.8917794
907,12/02/2018,,623,623,623,0.961,,,648.2830385,648.2830385,648.2830385
908,19/02/2018,,613,613,613,0.961,,,637.8772112,637.8772112,637.8772112
909,26/02/2018,,620,620,620,0.961,,,645.1612903,645.1612903,645.1612903
910,5/03/2018,,620,620,620,0.961,,,645.1612903,645.1612903,645.1612903
911,12/03/2018,,615,615,615,0.961,,,639.9583767,639.9583767,639.9583767
912,19/03/2018,,618,618,618,0.961,,,643.0801249,643.0801249,643.0801249
913,26/03/2018,,618,618,618,0.961,,,643.0801249,643.0801249,643.0801249
914,2/04/2018,,623,623,623,0.964,,,646.2655602,646.2655602,646.2655602
915,9/04/2018,,610,610,610,0.964,,,632.780083,632.780083,632.780083
916,16/04/2018,,605,605,605,0.964,,,627.593361,627.593361,627.593361
917,23/04/2018,,605,605,605,0.964,,,627.593361,627.593361,627.593361
918,30/04/2018,,605,605,605,0.964,,,627.593361,627.593361,627.593361
919,7/05/2018,,597,597,597,0.964,,,619.2946058,619.2946058,619.2946058
920,14/05/2018,,600,600,600,0.964,,,622.406639,622.406639,622.406639
921,21/05/2018,,605,605,605,0.964,,,627.593361,627.593361,627.593361
922,28/05/2018,,608,608,608,0.964,,,630.7053942,630.7053942,630.7053942
923,4/06/2018,,610,610,610,0.964,,,632.780083,632.780083,632.780083
924,11/06/2018,,630,630,630,0.964,,,653.526971,653.526971,653.526971
925,18/06/2018,,635,635,635,0.964,,,658.7136929,658.7136929,658.7136929
926,25/06/2018,,645,645,645,0.964,,,669.0871369,669.0871369,669.0871369
927,2/07/2018,,685,685,685,0.968,,,707.6446281,707.6446281,707.6446281
928,9/07/2018,,703,703,703,0.968,,,726.2396694,726.2396694,726.2396694
929,16/07/2018,,718,718,718,0.968,,,741.7355372,741.7355372,741.7355372
930,23/07/2018,,750,758,745,0.968,,,774.7933884,783.0578512,769.6280992
931,30/07/2018,,730,763,763,0.968,,,754.1322314,788.2231405,788.2231405
932,6/08/2018,,760,760,760,0.968,,,785.1239669,785.1239669,785.1239669
933,13/08/2018,,785,785,785,0.968,,,810.9504132,810.9504132,810.9504132
934,20/08/2018,,785,785,785,0.968,,,810.9504132,810.9504132,810.9504132
935,27/08/2018,,805,805,805,0.968,,,831.6115702,831.6115702,831.6115702
936,3/09/2018,,828,828,828,0.968,,,855.3719008,855.3719008,855.3719008
937,10/09/2018,,840,840,840,0.968,,,867.768595,867.768595,867.768595
938,17/09/2018,,813,813,813,0.968,,,839.8760331,839.8760331,839.8760331
939,24/09/2018,,780,780,780,0.968,,,805.785124,805.785124,805.785124
940,1/10/2018,,720,720,720,0.974,,,739.2197125,739.2197125,739.2197125
941,8/10/2018,,720,720,720,0.974,,,739.2197125,739.2197125,739.2197125
942,15/10/2018,,743,743,743,0.974,,,762.8336756,762.8336756,762.8336756
943,22/10/2018,,760,760,760,0.974,,,780.2874743,780.2874743,780.2874743
944,29/10/2018,,767,767,767,0.974,,,787.4743326,787.4743326,787.4743326
945,5/11/2018,,713,713,713,0.974,,,732.0328542,732.0328542,732.0328542
946,12/11/2018,,723,723,723,0.974,,,742.2997947,742.2997947,742.2997947
947,19/11/2018,,727,727,727,0.974,,,746.4065708,746.4065708,746.4065708
948,26/11/2018,,727,727,727,0.974,,,746.4065708,746.4065708,746.4065708
949,3/12/2018,,730,730,730,0.974,,,749.486653,749.486653,749.486653
950,10/12/2018,,727,727,727,0.974,,,746.4065708,746.4065708,746.4065708
951,17/12/2018,,723,725.25,725.25,0.974,,,742.2997947,744.6098563,744.6098563
952,24/12/2018,,719,723.5,723.5,0.974,,,738.1930185,742.8131417,742.8131417
953,31/12/2018,,715,721.75,721.75,0.974,,,734.0862423,741.0164271,741.0164271
954,7/01/2019,,711,720,720,0.974,,,729.9794661,739.2197125,739.2197125
955,14/01/2019,,707,707,707,0.974,,,725.8726899,725.8726899,725.8726899
956,21/01/2019,,700,700,700,0.974,,,718.6858316,718.6858316,718.6858316
957,28/01/2019,,693,693,693,0.974,,,711.4989733,711.4989733,711.4989733
958,4/02/2019,,693,693,693,0.974,,,711.4989733,711.4989733,711.4989733
959,11/02/2019,,657,657,657,0.974,,,674.5379877,674.5379877,674.5379877
960,18/02/2019,,677,677,677,0.974,,,695.0718686,695.0718686,695.0718686
961,25/02/2019,,677,677,677,0.974,,,695.0718686,695.0718686,695.0718686
962,4/03/2019,,657,657,657,0.974,,,674.5379877,674.5379877,674.5379877
963,11/03/2019,,657,657,657,0.974,,,674.5379877,674.5379877,674.5379877
964,18/03/2019,,640,640,640,0.974,,,657.0841889,657.0841889,657.0841889
965,25/03/2019,,640,640,640,0.974,,,657.0841889,657.0841889,657.0841889
966,1/04/2019,,667,667,667,0.98,,,680.6122449,680.6122449,680.6122449
967,8/04/2019,,680,680,680,0.98,,,693.877551,693.877551,693.877551
968,15/04/2019,,693,693,693,0.98,,,707.1428571,707.1428571,707.1428571
969,22/04/2019,,696.5,696.5,696.5,0.98,,,710.7142857,710.7142857,710.7142857
970,29/04/2019,,700,700,700,0.98,,,714.2857143,714.2857143,714.2857143
971,6/05/2019,,733,733,733,0.98,,,747.9591837,747.9591837,747.9591837
972,13/05/2019,,747,747,747,0.98,,,762.244898,762.244898,762.244898
973,20/05/2019,,767,767,767,0.98,,,782.6530612,782.6530612,782.6530612
974,27/05/2019,,820,820,820,0.98,,,836.7346939,836.7346939,836.7346939
975,3/06/2019,,827,827,827,0.98,,,843.877551,843.877551,843.877551
976,10/06/2019,,837,837,837,0.98,,,854.0816327,854.0816327,854.0816327
977,17/06/2019,,847,847,847,0.98,,,864.2857143,864.2857143,864.2857143
978,24/06/2019,,847,847,847,0.98,,,864.2857143,864.2857143,864.2857143
979,1/07/2019,,847,847,847,0.985,,,859.8984772,859.8984772,859.8984772
980,8/07/2019,,857,857,857,0.985,,,870.0507614,870.0507614,870.0507614
981,15/07/2019,,887,887,887,0.985,,,900.5076142,900.5076142,900.5076142
982,22/07/2019,,893,893,893,0.985,,,906.5989848,906.5989848,906.5989848
983,29/07/2019,,893,893,893,0.985,,,906.5989848,906.5989848,906.5989848
984,5/08/2019,,867,867,867,0.985,,,880.2030457,880.2030457,880.2030457
985,12/08/2019,,863,863,863,0.985,,,876.142132,876.142132,876.142132
986,19/08/2019,,815,815,815,0.985,,,827.4111675,827.4111675,827.4111675
987,26/08/2019,,815,815,815,0.985,,,827.4111675,827.4111675,827.4111675
988,2/09/2019,,810,810,810,0.985,,,822.3350254,822.3350254,822.3350254
989,9/09/2019,,788,788,788,0.985,,,800,800,800
990,16/09/2019,,770,770,770,0.985,,,781.7258883,781.7258883,781.7258883
991,23/09/2019,,783,783,783,0.985,,,794.9238579,794.9238579,794.9238579
992,30/09/2019,,803,803,803,0.985,,,815.2284264,815.2284264,815.2284264
993,7/10/2019,,798,798,798,0.991,,,805.247225,805.247225,805.247225
994,14/10/2019,,798,798,798,0.991,,,805.247225,805.247225,805.247225
995,21/10/2019,,768,768,768,0.991,,,774.974773,774.974773,774.974773
996,28/10/2019,,768,768,750,0.991,,,774.974773,774.974773,756.8113017
997,4/11/2019,,768,768,750,0.991,,,774.974773,774.974773,756.8113017
998,11/11/2019,,768,768,780,0.991,,,774.974773,774.974773,787.0837538
999,18/11/2019,,753,753,753,0.991,,,759.8385469,759.8385469,759.8385469
1000,25/11/2019,,748,748,748,0.991,,,754.7931382,754.7931382,754.7931382
1001,2/12/2019,,748,748,748,0.991,,,754.7931382,754.7931382,754.7931382
1002,9/12/2019,,733,733,733,0.991,,,739.6569122,739.6569122,739.6569122
1003,16/12/2019,,733,733,733,0.991,,,739.6569122,739.6569122,739.6569122
1004,23/12/2019,,708,729.6666667,729.6666667,0.991,,,714.4298688,736.2933065,736.2933065
1005,30/12/2019,,683,726.3333333,726.3333333,0.991,,,689.2028254,732.9297006,732.9297006
1006,6/01/2020,,658,723,723,0.995,,,661.3065327,726.6331658,726.6331658
1007,13/01/2020,,658,730,730,0.995,,,661.3065327,733.6683417,733.6683417
1008,20/01/2020,,733,733,733,0.995,,,736.6834171,736.6834171,736.6834171
1009,27/01/2020,,733,733,733,0.995,,,736.6834171,736.6834171,736.6834171
