Date,18-22kg,12-18kg,22+kg,16-22kg,0-18kg,18-24kg
6/01/2000,205,200,198,183,214,60
13/01/2000,201,190,195,134,192,56
20/01/2000,195,184,185,146,197,53
27/01/2000,191,170,180,118,188,52
3/02/2000,188,172,182,133,180,51
10/02/2000,176,159,173,131,160,48
17/02/2000,187,167,183,123,165,45
24/02/2000,179,152,174,95,166,51
2/03/2000,173,152,172,105,146,50
9/03/2000,176,163,175,136,134,49
16/03/2000,185,176,175,128,160,53
23/03/2000,182,174,175,144,166,64
30/03/2000,181,173,176,145,169,67
6/04/2000,182,177,175,138,164,69
13/04/2000,172,164,163,124,151,66
20/04/2000,175,170,161,123,155,61
27/04/2000,162,152,156,130,171,69
4/05/2000,169,166,166,116,145,67
11/05/2000,159,148,158,110,135,71
18/05/2000,161,145,158,105,144,79
25/05/2000,150,134,156,102,128,77
1/06/2000,153,130,150,111,130,77
8/06/2000,135,119,147,97,113,77
15/06/2000,127,103,134,83,90,67
22/06/2000,136,110,132,75,81,62
29/06/2000,133,116,140,79,100,61
6/07/2000,155,133,151,92,113,78
13/07/2000,153,140,150,113,113,86
20/07/2000,139,127,143,100,114,80
27/07/2000,147,121,144,87,99,78
3/08/2000,134,118,133,76,109,74
10/08/2000,121,134,134,91,83,70
17/08/2000,150,131,153,97,105,68
24/08/2000,145,133,155,84,84,67
31/08/2000,150,139,155,96,97,74
7/09/2000,144,130,155,87,120,72
14/09/2000,140,138,162,86,101,67
21/09/2000,126,120,156,81,123,67
28/09/2000,126,121,150,76,105,63
5/10/2000,137,129,156,88,136,64
12/10/2000,131,117,149,82,115,54
19/10/2000,142,136,147,93,176,57
26/10/2000,162,158,165,130,149,66
2/11/2000,156,151,160,114,165,70
9/11/2000,161,152,175,115,144,66
16/11/2000,182,167,192,116,147,72
23/11/2000,179,159,196,122,159,79
30/11/2000,176,154,189,93,148,79
7/12/2000,188,157,212,97,164,77
14/12/2000,185,158,203,149,159,73
21/12/2000,182,164,187,113,151,75
28/12/2000,,,,,,
4/01/2001,171,152,176,109,170,65
11/01/2001,194,166,197,101,151,66
18/01/2001,197,170,199,128,150,58
25/01/2001,202,178,209,143,149,63
1/02/2001,223,181,224,144,169,68
8/02/2001,235,196,238,162,160,77
15/02/2001,255,206,280,147,167,83
22/02/2001,225,189,261,153,167,87
1/03/2001,239,198,262,172,168,83
8/03/2001,239,190,270,146,181,90
15/03/2001,241,194,270,159,165,95
22/03/2001,255,210,292,181,189,104
29/03/2001,260,205,304,175,179,120
5/04/2001,252,213,283,184,194,132
12/04/2001,247,206,273,187,182,117
19/04/2001,225,180,254,159,185,117
26/04/2001,229,187,257,176,184,123
3/05/2001,234,186,266,161,177,124
10/05/2001,222,182,262,159,173,124
17/05/2001,227,185,282,163,182,134
24/05/2001,213,180,259,156,177,147
31/05/2001,208,170,251,160,173,133
7/06/2001,244,181,275,161,152,131
14/06/2001,278,212,300,177,184,146
21/06/2001,311,245,333,197,250,176
28/06/2001,282,227,338,207,190,174
5/07/2001,270,216,324,190,186,171
12/07/2001,282,225,307,187,198,155
19/07/2001,281,226,299,203,183,157
26/07/2001,296,229,307,214,212,175
2/08/2001,305,272,325,199,220,174
9/08/2001,319,277,348,227,216,179
16/08/2001,315,263,344,191,237,175
23/08/2001,316,268,345,215,219,172
30/08/2001,348,295,385,232,225,179
6/09/2001,346,309,386,295,241,190
13/09/2001,360,322,375,269,282,185
20/09/2001,331,281,352,229,276,182
27/09/2001,280,231,316,184,222,171
4/10/2001,271,210,303,187,238,155
11/10/2001,285,230,309,165,236,126
18/10/2001,286,254,315,197,256,162
25/10/2001,274,250,303,200,248,153
1/11/2001,262,231,295,184,235,143
8/11/2001,274,243,300,187,237,133
15/11/2001,290,254,302,197,258,127
22/11/2001,291,256,301,222,262,149
29/11/2001,280,247,294,210,262,149
6/12/2001,276,257,288,238,244,144
13/12/2001,278,236,295,217,240,139
20/12/2001,285,248,300,220,256,132
27/12/2001,,,,,,
3/01/2002,267,252,278,180,248,146
10/01/2002,278,239,285,195,219,138
17/01/2002,283,238,290,187,221,116
24/01/2002,304,255,305,213,214,126
31/01/2002,321,270,315,216,240,155
7/02/2002,340,308,341,235,269,164
14/02/2002,369,310,369,269,284,180
21/02/2002,368,331,360,276,305,180
28/02/2002,368,333,376,322,353,193
7/03/2002,375,353,374,344,323,205
14/03/2002,359,326,369,291,305,187
21/03/2002,310,284,320,252,281,167
28/03/2002,327,302,332,238,259,169
4/04/2002,348,328,347,283,313,203
11/04/2002,310,279,316,256,287,200
18/04/2002,307,275,298,228,266,191
25/04/2002,322,276,311,257,282,184
2/05/2002,299,288,295,243,298,186
9/05/2002,288,259,272,205,270,179
16/05/2002,291,244,286,210,270,179
23/05/2002,284,246,276,216,244,183
30/05/2002,272,227,267,202,214,186
6/06/2002,276,221,260,191,206,179
13/06/2002,288,225,278,203,202,187
20/06/2002,313,256,296,226,226,200
27/06/2002,322,255,309,222,223,204
4/07/2002,309,261,298,246,223,203
11/07/2002,309,247,306,238,189,191
18/07/2002,313,240,307,216,195,171
25/07/2002,337,274,341,235,193,148
1/08/2002,339,284,356,239,217,147
8/08/2002,353,312,351,266,185,161
15/08/2002,377,319,378,303,270,173
22/08/2002,361,296,370,257,206,154
29/08/2002,359,295,366,268,196,127
5/09/2002,372,317,371,290,208,133
12/09/2002,380,328,383,295,252,162
19/09/2002,418,361,417,300,300,184
26/09/2002,400,338,399,324,284,171
3/10/2002,378,331,384,271,280,139
10/10/2002,356,299,387,246,207,143
17/10/2002,324,264,340,219,199,118
24/10/2002,289,230,309,178,154,94
31/10/2002,308,236,326,198,157,90
7/11/2002,285,204,308,163,153,85
14/11/2002,277,203,307,199,144,93
21/11/2002,312,252,316,204,190,127
28/11/2002,324,256,328,312,196,141
5/12/2002,317,248,327,220,184,133
12/12/2002,333,274,336,239,201,143
19/12/2002,356,303,345,255,226,137
26/12/2002,349,287,326,,228,131
2/01/2003,,,,,,
9/01/2003,357,302,360,331,247,191
16/01/2003,331,271,336,179,225,163
23/01/2003,331,262,346,257,225,137
30/01/2003,346,267,361,274,213,143
6/02/2003,334,272,352,251,190,158
13/02/2003,327,267,340,232,204,140
20/02/2003,349,294,372,303,239,168
27/02/2003,432,380,432,380,315,191
6/03/2003,417,356,413,362,320,201
13/03/2003,432,390,427,370,315,199
20/03/2003,398,354,421,324,316,196
27/03/2003,399,356,413,336,326,207
3/04/2003,387,343,404,316,313,201
10/04/2003,396,364,413,351,325,200
17/04/2003,404,371,401,351,351,237
24/04/2003,398,341,399,353,341,220
1/05/2003,381,345,400,336,325,211
8/05/2003,365,329,384,282,321,187
15/05/2003,377,342,391,305,332,183
22/05/2003,387,355,401,340,337,191
29/05/2003,388,346,404,330,328,192
5/06/2003,402,357,416,358,351,197
12/06/2003,423,364,427,362,340,200
19/06/2003,425,373,428,370,370,210
26/06/2003,421,357,416,352,313,208
3/07/2003,416,365,416,341,345,218
10/07/2003,436,374,430,344,358,225
17/07/2003,453,398,446,365,351,246
24/07/2003,457,398,452,381,377,240
31/07/2003,462,398,455,397,398,242
7/08/2003,454,377,457,366,356,243
14/08/2003,456,388,455,366,388,253
21/08/2003,464,388,462,389,369,258
28/08/2003,463,399,463,381,429,244
4/09/2003,444,374,439,360,385,252
11/09/2003,410,361,401,327,411,249
18/09/2003,386,352,370,312,375,227
25/09/2003,371,344,373,317,370,227
2/10/2003,373,346,372,319,378,214
9/10/2003,389,368,374,348,382,238
16/10/2003,352,348,338,315,369,226
23/10/2003,346,351,334,326,388,224
30/10/2003,354,364,338,317,433,226
6/11/2003,349,354,337,312,408,200
13/11/2003,334,335,324,279,364,183
20/11/2003,339,338,319,270,396,201
27/11/2003,347,356,323,264,369,197
4/12/2003,342,337,317,295,370,197
11/12/2003,342,354,311,280,360,200
18/12/2003,352,350,324,294,377,204
25/12/2003,350,274,327,,,200
1/01/2004,,,,,,
8/01/2004,346,325,321,273,352,198
15/01/2004,349,333,333,289,350,191
22/01/2004,382,368,361,312,382,189
29/01/2004,396,374,367,307,379,192
5/02/2004,393,396,356,348,373,203
12/02/2004,371,355,352,305,370,202
19/02/2004,353,344,339,310,344,197
26/02/2004,384,385,353,323,378,210
4/03/2004,366,358,337,305,365,205
11/03/2004,371,350,335,298,364,198
18/03/2004,368,338,339,297,376,200
25/03/2004,350,349,321,295,370,196
1/04/2004,349,339,319,286,352,184
8/04/2004,344,328,314,299,302,189
15/04/2004,342,303,321,279,338,197
22/04/2004,317,268,301,254,284,177
29/04/2004,336,277,317,250,299,173
6/05/2004,363,287,341,277,329,186
13/05/2004,352,297,336,251,297,183
20/05/2004,368,308,353,291,318,193
27/05/2004,413,346,389,326,316,202
3/06/2004,429,342,425,323,334,208
10/06/2004,444,361,440,346,338,212
17/06/2004,447,328,453,360,342,220
24/06/2004,531,395,504,396,392,227
1/07/2004,496,390,497,376,387,236
8/07/2004,507,365,492,376,426,249
15/07/2004,510,374,491,380,360,247
22/07/2004,518,353,508,380,388,228
29/07/2004,535,384,516,378,387,236
5/08/2004,532,379,530,367,418,232
12/08/2004,509,371,516,365,381,238
19/08/2004,481,349,474,336,348,230
26/08/2004,414,305,414,283,389,200
2/09/2004,426,319,412,287,316,194
9/09/2004,426,349,423,300,372,207
16/09/2004,417,350,435,319,361,213
23/09/2004,388,326,411,290,339,203
30/09/2004,360,314,373,272,341,189
7/10/2004,368,335,375,279,353,190
14/10/2004,338,297,341,263,338,181
21/10/2004,317,275,322,245,340,172
28/10/2004,324,275,308,242,339,162
4/11/2004,343,302,331,262,354,170
11/11/2004,348,319,335,274,387,180
18/11/2004,359,335,330,283,365,184
25/11/2004,358,335,337,283,374,184
2/12/2004,339,309,327,253,360,171
9/12/2004,355,335,327,275,445,178
16/12/2004,368,342,343,295,415,179
23/12/2004,371,367,346,295,372,186
30/12/2004,,,,,,
6/01/2005,345,350,332,291,371,184
13/01/2005,341,312,325,272,372,176
20/01/2005,353,333,330,283,378,176
27/01/2005,338,302,310,269,363,161
3/02/2005,347,305,322,275,363,169
10/02/2005,339,324,312,268,362,165
17/02/2005,330,306,302,251,350,161
24/02/2005,339,338,314,283,356,171
3/03/2005,337,339,310,285,362,168
10/03/2005,327,320,300,271,336,171
17/03/2005,316,299,288,261,324,160
24/03/2005,319,292,290,255,298,153
31/03/2005,330,295,299,284,344,169
7/04/2005,309,265,288,241,316,161
14/04/2005,316,269,293,244,303,152
21/04/2005,330,289,302,265,322,146
28/04/2005,320,287,289,256,327,152
5/05/2005,331,276,299,256,320,164
12/05/2005,324,275,293,248,327,167
19/05/2005,328,273,294,268,329,173
26/05/2005,337,272,304,269,317,172
2/06/2005,337,270,297,261,310,162
9/06/2005,354,288,315,274,329,156
16/06/2005,399,322,338,309,368,181
23/06/2005,407,350,379,335,383,209
30/06/2005,403,334,379,336,361,232
7/07/2005,403,346,381,328,359,227
14/07/2005,401,352,387,327,384,232
21/07/2005,418,343,392,339,340,236
28/07/2005,418,355,395,350,371,230
4/08/2005,410,350,375,336,356,215
11/08/2005,396,319,369,311,337,218
18/08/2005,382,315,367,312,352,212
25/08/2005,385,307,373,309,316,212
1/09/2005,413,322,408,314,347,205
8/09/2005,396,321,392,308,361,200
15/09/2005,395,331,397,320,370,186
22/09/2005,402,314,395,307,330,189
29/09/2005,400,336,392,290,337,184
6/10/2005,368,308,365,280,334,188
13/10/2005,342,283,337,240,329,175
20/10/2005,333,285,323,243,333,158
27/10/2005,352,304,333,243,319,164
3/11/2005,350,314,340,255,323,167
10/11/2005,347,298,342,245,330,167
17/11/2005,344,328,330,237,325,170
24/11/2005,350,313,342,240,325,172
1/12/2005,346,311,331,238,324,179
8/12/2005,353,306,350,228,339,169
15/12/2005,358,316,352,264,375,162
22/12/2005,346,328,341,253,327,160
29/12/2005,,,,,,
5/01/2006,342,305,343,246,350,167
12/01/2006,327,269,327,239,315,144
19/01/2006,335,302,343,243,327,138
26/01/2006,360,306,349,250,329,153
2/02/2006,365,324,347,268,369,158
9/02/2006,374,335,369,277,343,162
16/02/2006,362,329,358,287,335,154
23/02/2006,363,324,352,290,315,152
2/03/2006,357,328,350,291,338,158
9/03/2006,349,322,345,278,318,167
16/03/2006,337,294,330,254,325,170
23/03/2006,332,285,328,264,321,163
30/03/2006,332,296,332,274,326,156
6/04/2006,339,314,336,284,333,172
13/04/2006,334,308,326,281,298,167
20/04/2006,338,303,327,279,334,191
27/04/2006,336,296,326,279,320,179
4/05/2006,339,298,325,283,320,182
11/05/2006,347,298,330,286,318,188
18/05/2006,336,292,324,272,308,193
25/05/2006,350,303,340,302,333,190
1/06/2006,356,309,343,289,297,184
8/06/2006,348,298,337,278,321,179
15/06/2006,356,304,346,289,341,190
22/06/2006,350,293,338,298,310,203
29/06/2006,365,299,345,305,317,209
6/07/2006,378,303,354,312,347,213
13/07/2006,367,304,345,307,338,210
20/07/2006,394,314,365,320,352,224
27/07/2006,392,317,359,307,360,212
3/08/2006,380,282,347,280,356,200
10/08/2006,365,282,337,260,289,179
17/08/2006,345,251,320,249,288,175
24/08/2006,336,232,303,231,310,150
31/08/2006,319,226,295,205,263,135
7/09/2006,323,236,294,221,292,135
14/09/2006,324,238,302,212,283,150
21/09/2006,282,204,276,167,271,119
28/09/2006,301,187,298,167,251,100
5/10/2006,292,199,293,135,205,74
12/10/2006,290,186,295,145,185,69
19/10/2006,292,191,290,158,182,53
26/10/2006,293,194,294,175,195,56
2/11/2006,279,206,280,169,193,59
9/11/2006,303,214,308,188,227,75
16/11/2006,315,227,309,171,220,72
23/11/2006,316,241,320,183,211,68
30/11/2006,308,208,309,181,195,58
7/12/2006,310,215,313,164,207,48
14/12/2006,295,215,299,194,188,56
21/12/2006,299,218,277,190,196,61
28/12/2006,,,,,,
4/01/2007,332,268,324,190,265,100
11/01/2007,313,255,302,213,238,121
18/01/2007,302,243,297,198,211,110
25/01/2007,338,287,325,218,244,113
1/02/2007,345,266,331,227,246,130
8/02/2007,329,267,332,260,259,131
15/02/2007,331,270,329,239,255,142
22/02/2007,340,288,344,253,305,150
1/03/2007,350,292,352,277,289,161
8/03/2007,345,286,346,285,304,172
15/03/2007,334,287,330,275,306,178
22/03/2007,345,300,336,283,323,188
29/03/2007,347,298,344,271,298,181
5/04/2007,341,290,337,298,296,181
12/04/2007,,300,334,275,,164
19/04/2007,309,254,308,240,224,133
26/04/2007,330,246,330,275,207,129
3/05/2007,370,309,357,308,315,190
10/05/2007,350,300,343,295,308,185
17/05/2007,368,319,360,309,326,200
24/05/2007,388,343,370,332,346,198
31/05/2007,390,341,380,337,338,206
7/06/2007,389,341,380,328,353,222
14/06/2007,386,337,384,308,351,223
21/06/2007,376,325,373,310,325,217
28/06/2007,376,314,368,319,329,205
5/07/2007,381,321,369,317,350,223
12/07/2007,383,323,375,311,365,219
19/07/2007,378,314,368,304,334,232
26/07/2007,351,282,343,261,303,210
2/08/2007,333,261,321,249,293,200
9/08/2007,338,283,327,260,305,204
16/08/2007,309,242,307,233,266,190
23/08/2007,297,219,299,209,283,169
30/08/2007,274,199,271,168,246,132
6/09/2007,302,219,302,205,236,128
13/09/2007,278,220,281,176,255,147
20/09/2007,269,184,261,157,217,124
27/09/2007,277,196,260,181,215,81
4/10/2007,259,232,264,183,217,77
11/10/2007,261,182,253,164,190,115
18/10/2007,243,172,237,161,216,116
25/10/2007,249,191,239,152,207,101
1/11/2007,298,242,277,207,280,127
8/11/2007,306,270,300,231,302,134
15/11/2007,280,238,277,215,274,164
22/11/2007,304,271,294,210,288,165
29/11/2007,305,273,302,240,307,162
6/12/2007,306,267,291,235,297,161
13/12/2007,309,280,303,228,292,161
20/12/2007,320,279,304,261,293,180
27/12/2007,,,,,,
3/01/2008,339,318,329,220,331,219
10/01/2008,348,319,338,252,308,197
17/01/2008,329,306,332,280,323,198
24/01/2008,363,325,366,297,333,177
31/01/2008,376,326,366,298,341,174
7/02/2008,388,338,368,307,381,195
14/02/2008,376,345,355,297,356,191
21/02/2008,381,334,356,288,358,194
28/02/2008,366,319,341,299,344,199
6/03/2008,336,311,319,253,329,189
13/03/2008,332,283,318,244,322,181
20/03/2008,342,295,322,283,294,187
27/03/2008,362,320,345,263,335,205
3/04/2008,350,319,341,283,329,195
10/04/2008,339,293,330,258,308,191
17/04/2008,347,297,332,274,307,194
24/04/2008,360,310,332,281,329,199
1/05/2008,367,321,348,286,348,202
8/05/2008,363,315,348,288,330,206
15/05/2008,362,297,352,293,328,200
22/05/2008,381,302,382,297,325,203
29/05/2008,379,306,382,302,329,203
5/06/2008,414,319,408,310,322,204
12/06/2008,462,352,452,320,337,215
19/06/2008,465,341,464,351,317,221
26/06/2008,451,333,454,311,328,215
3/07/2008,465,323,468,331,320,205
10/07/2008,461,321,468,316,294,192
17/07/2008,451,329,474,349,344,203
24/07/2008,450,325,455,330,326,202
31/07/2008,463,343,462,364,343,213
7/08/2008,470,335,477,336,327,202
14/08/2008,460,307,460,324,338,196
21/08/2008,451,320,458,351,323,186
28/08/2008,454,333,440,347,307,199
4/09/2008,445,327,453,350,280,197
11/09/2008,468,348,468,366,298,207
18/09/2008,456,360,465,380,338,206
25/09/2008,395,319,401,322,355,200
2/10/2008,382,292,385,295,296,181
9/10/2008,380,309,376,287,313,171
16/10/2008,359,301,362,289,339,167
23/10/2008,355,285,371,266,308,172
30/10/2008,351,288,355,256,330,160
6/11/2008,349,278,351,231,313,162
13/11/2008,349,298,361,258,332,155
20/11/2008,362,292,371,264,336,168
27/11/2008,389,306,405,285,359,182
4/12/2008,405,352,420,320,381,185
11/12/2008,409,349,428,335,385,188
18/12/2008,399,352,432,309,383,191
25/12/2008,412,376,394,,306,193
1/01/2009,,,,,,
8/01/2009,408,367,441,342,378,196
15/01/2009,402,337,432,331,379,189
22/01/2009,385,319,394,312,352,175
29/01/2009,390,333,410,331,333,175
5/02/2009,385,323,405,308,352,162
12/02/2009,393,342,410,308,357,163
19/02/2009,421,355,448,339,375,182
26/02/2009,415,342,428,328,381,188
5/03/2009,418,357,442,341,381,189
12/03/2009,423,359,441,345,377,197
19/03/2009,439,369,453,351,414,202
26/03/2009,448,375,460,364,383,197
2/04/2009,451,364,463,362,395,208
9/04/2009,434,366,414,361,377,213
16/04/2009,464,370,472,385,418,229
23/04/2009,455,376,459,387,397,234
30/04/2009,456,359,448,364,407,234
7/05/2009,466,393,466,381,409,253
14/05/2009,456,375,462,368,425,256
21/05/2009,467,377,471,377,382,252
28/05/2009,484,382,484,394,433,284
4/06/2009,471,362,474,388,398,271
11/06/2009,522,382,529,413,434,290
18/06/2009,503,395,517,409,442,308
25/06/2009,494,387,495,394,437,298
2/07/2009,501,387,500,395,431,292
9/07/2009,500,406,500,407,428,293
16/07/2009,498,406,501,410,442,310
23/07/2009,481,400,482,407,449,327
30/07/2009,457,374,459,380,418,312
6/08/2009,433,350,431,342,393,300
13/08/2009,427,355,418,329,398,282
20/08/2009,442,375,432,358,403,279
27/08/2009,425,358,424,346,389,284
3/09/2009,450,381,444,359,352,284
10/09/2009,464,384,454,377,380,287
17/09/2009,434,379,440,361,411,272
24/09/2009,441,371,434,367,389,268
1/10/2009,454,388,442,364,417,287
8/10/2009,448,399,434,368,438,299
15/10/2009,430,393,421,367,437,291
22/10/2009,435,389,427,369,406,299
29/10/2009,421,393,411,355,439,293
5/11/2009,418,393,414,367,443,291
12/11/2009,414,387,410,366,435,292
19/11/2009,399,383,389,359,410,289
26/11/2009,394,372,397,339,432,288
3/12/2009,437,396,435,359,442,290
10/12/2009,440,384,437,354,437,278
17/12/2009,442,402,446,366,434,275
24/12/2009,474,392,462,,419,242
31/12/2009,,,,,,
7/01/2010,486,429,473,401,423,292
14/01/2010,503,426,486,397,496,309
21/01/2010,516,457,495,417,520,323
28/01/2010,505,437,492,427,508,310
4/02/2010,494,451,488,424,477,313
11/02/2010,483,426,474,410,514,306
18/02/2010,522,457,509,437,537,313
25/02/2010,520,472,503,450,522,322
4/03/2010,507,464,483,431,539,345
11/03/2010,501,469,481,437,527,350
18/03/2010,496,447,477,428,519,354
25/03/2010,492,441,477,428,559,346
1/04/2010,481,429,464,418,485,339
8/04/2010,487,457,467,451,494,368
15/04/2010,481,435,464,434,513,371
22/04/2010,469,423,455,401,501,363
29/04/2010,484,442,470,430,475,363
6/05/2010,493,453,482,431,543,382
13/05/2010,506,459,487,437,557,402
20/05/2010,508,454,485,451,507,399
27/05/2010,514,465,497,448,514,405
3/06/2010,526,468,507,461,534,404
10/06/2010,535,477,521,481,535,410
17/06/2010,542,491,528,470,524,418
24/06/2010,525,470,517,458,543,396
1/07/2010,519,470,509,452,544,396
8/07/2010,513,476,495,451,480,408
15/07/2010,504,425,493,440,461,433
22/07/2010,508,451,489,442,473,406
29/07/2010,514,428,490,427,446,393
5/08/2010,549,465,521,461,499,411
12/08/2010,552,475,528,462,540,416
19/08/2010,565,506,549,485,555,424
26/08/2010,564,512,552,503,577,449
2/09/2010,554,516,540,494,560,437
9/09/2010,556,515,538,516,600,446
16/09/2010,547,509,527,483,597,416
23/09/2010,508,493,497,454,569,422
30/09/2010,491,458,485,450,493,401
7/10/2010,489,469,484,428,512,370
14/10/2010,483,445,469,401,544,357
21/10/2010,489,467,474,417,553,361
28/10/2010,476,457,462,411,526,355
4/11/2010,484,453,469,412,552,376
11/11/2010,497,460,482,432,537,369
18/11/2010,505,493,494,452,541,408
25/11/2010,511,505,497,458,566,413
2/12/2010,524,509,517,462,573,414
9/12/2010,530,526,519,464,597,413
16/12/2010,534,534,529,475,605,425
23/12/2010,547,521,532,448,566,404
30/12/2010,,,,,,
6/01/2011,540,528,537,477,560,431
13/01/2011,579,554,573,498,635,423
20/01/2011,609,581,598,538,622,430
27/01/2011,564,527,568,515,649,407
3/02/2011,624,566,617,521,647,407
10/02/2011,614,573,607,532,654,418
17/02/2011,633,578,627,528,616,423
24/02/2011,677,622,665,565,691,441
3/03/2011,669,623,652,554,728,434
10/03/2011,660,607,638,550,719,435
17/03/2011,650,611,624,545,707,440
24/03/2011,639,603,624,576,738,444
31/03/2011,655,636,624,597,775,457
7/04/2011,636,613,605,565,769,465
14/04/2011,626,632,600,547,694,441
21/04/2011,630,623,593,552,645,435
28/04/2011,606,664,578,487,667,440
5/05/2011,586,538,565,522,636,433
12/05/2011,536,527,524,518,543,420
19/05/2011,580,563,561,534,620,432
26/05/2011,594,595,564,556,667,443
2/06/2011,552,554,530,509,644,426
9/06/2011,537,558,519,509,541,431
16/06/2011,531,529,512,504,553,433
23/06/2011,526,515,490,488,553,444
30/06/2011,494,506,475,466,510,415
7/07/2011,509,496,477,452,504,429
14/07/2011,477,496,448,463,521,437
21/07/2011,483,515,445,467,519,426
28/07/2011,484,505,447,471,551,432
4/08/2011,485,502,455,448,522,428
11/08/2011,485,462,445,435,455,392
18/08/2011,518,477,483,440,531,389
25/08/2011,518,498,474,472,517,386
1/09/2011,504,487,483,449,568,394
8/09/2011,523,508,497,471,609,406
15/09/2011,535,528,496,469,591,420
22/09/2011,514,512,488,452,576,402
29/09/2011,513,513,495,459,586,378
6/10/2011,558,562,518,486,573,386
13/10/2011,552,556,525,472,613,400
20/10/2011,520,514,498,459,569,395
27/10/2011,530,531,506,450,594,402
3/11/2011,517,521,496,456,583,380
10/11/2011,505,501,497,433,596,352
17/11/2011,512,513,498,415,609,339
24/11/2011,519,529,508,459,595,359
1/12/2011,538,536,520,481,633,381
8/12/2011,535,562,516,473,637,377
15/12/2011,535,550,521,492,600,377
22/12/2011,526,521,507,467,587,393
29/12/2011,,,,,,
5/01/2012,505,510,494,469,558,354
12/01/2012,486,508,480,446,562,312
19/01/2012,479,478,471,444,519,298
26/01/2012,496,492,477,462,515,310
2/02/2012,491,492,480,457,538,320
9/02/2012,476,480,456,470,504,299
16/02/2012,469,455,453,440,504,288
23/02/2012,481,492,462,466,513,289
1/03/2012,489,500,473,468,533,308
8/03/2012,499,483,475,469,534,295
15/03/2012,458,479,441,420,508,293
22/03/2012,466,481,453,446,499,285
29/03/2012,468,488,454,445,508,291
5/04/2012,456,474,440,446,509,296
12/04/2012,456,480,441,432,506,306
19/04/2012,398,412,391,372,435,272
26/04/2012,430,403,423,378,473,271
3/05/2012,433,443,415,405,424,277
10/05/2012,429,445,409,401,463,287
17/05/2012,400,417,392,376,394,290
24/05/2012,410,417,393,375,428,307
31/05/2012,411,430,395,369,435,297
7/06/2012,403,404,381,379,440,308
14/06/2012,407,417,387,360,408,301
21/06/2012,381,377,368,324,399,278
28/06/2012,385,367,370,326,389,267
5/07/2012,410,396,387,353,392,293
12/07/2012,408,389,388,337,372,301
19/07/2012,425,409,407,379,399,321
26/07/2012,428,430,407,387,427,320
2/08/2012,420,381,404,361,432,293
9/08/2012,408,362,388,327,389,266
16/08/2012,421,364,395,328,409,245
23/08/2012,396,324,386,298,350,238
30/08/2012,434,356,410,333,438,248
6/09/2012,437,377,418,329,409,235
13/09/2012,401,335,399,299,382,206
20/09/2012,392,336,378,288,390,186
27/09/2012,391,351,390,316,408,188
4/10/2012,381,359,384,319,372,170
11/10/2012,384,339,387,314,430,158
18/10/2012,373,339,377,301,386,155
25/10/2012,357,338,349,290,360,152
1/11/2012,348,342,362,285,366,144
8/11/2012,372,337,376,285,347,163
15/11/2012,337,311,351,267,337,166
22/11/2012,323,306,335,249,325,167
29/11/2012,337,292,346,237,308,159
6/12/2012,344,328,351,272,349,162
13/12/2012,350,329,360,259,346,144
20/12/2012,335,318,360,302,327,129
27/12/2012,,,,,,
3/01/2013,353,330,374,274,298,157
10/01/2013,339,323,350,291,317,134
17/01/2013,331,304,348,266,307,110
24/01/2013,345,295,361,292,306,99
31/01/2013,374,343,383,323,341,135
7/02/2013,369,346,384,338,320,140
14/02/2013,382,345,397,328,298,148
21/02/2013,394,357,403,313,332,141
28/02/2013,443,404,434,383,371,161
7/03/2013,446,397,451,362,402,181
14/03/2013,437,383,453,367,412,165
21/03/2013,436,368,445,332,384,169
28/03/2013,454,378,445,374,402,186
4/04/2013,428,394,447,383,433,166
11/04/2013,407,365,431,367,379,154
18/04/2013,385,319,408,317,348,143
25/04/2013,401,328,422,347,355,160
2/05/2013,368,308,392,306,323,147
9/05/2013,370,302,384,299,307,155
16/05/2013,385,324,401,326,319,164
23/05/2013,417,355,430,368,377,195
30/05/2013,432,373,450,393,400,231
6/06/2013,448,391,466,393,403,248
13/06/2013,471,421,485,433,443,294
20/06/2013,494,421,508,407,441,301
27/06/2013,493,417,520,422,403,279
4/07/2013,489,401,514,421,414,268
11/07/2013,471,367,501,400,343,262
18/07/2013,504,403,525,436,293,279
25/07/2013,517,411,530,429,387,297
1/08/2013,499,392,513,385,393,299
8/08/2013,475,376,494,394,381,281
15/08/2013,453,342,481,376,337,256
22/08/2013,432,323,465,334,342,227
29/08/2013,453,333,472,322,409,220
5/09/2013,418,325,436,295,358,228
12/09/2013,438,352,448,299,359,232
19/09/2013,454,392,460,356,378,257
26/09/2013,446,362,452,324,394,256
3/10/2013,426,336,439,309,376,226
10/10/2013,421,395,424,347,421,235
17/10/2013,398,339,403,291,389,226
24/10/2013,395,339,402,301,375,192
31/10/2013,392,335,401,286,365,179
7/11/2013,410,352,413,299,401,199
14/11/2013,415,355,421,323,372,218
21/11/2013,407,348,418,338,363,202
28/11/2013,415,356,425,318,394,205
5/12/2013,416,362,425,337,475,232
12/12/2013,407,373,424,328,405,218
19/12/2013,409,368,425,330,376,192
26/12/2013,415,376,421,,350,182
2/01/2014,,,,,,
9/01/2014,411,365,432,370,387,205
16/01/2014,380,338,418,353,323,172
23/01/2014,419,366,438,330,350,160
30/01/2014,466,389,477,400,359,195
6/02/2014,492,402,505,427,393,192
13/02/2014,504,408,538,445,411,213
20/02/2014,523,430,548,464,403,239
27/02/2014,544,436,561,459,436,263
6/03/2014,573,492,583,530,526,293
13/03/2014,580,485,602,505,509,329
20/03/2014,571,494,584,478,466,294
27/03/2014,561,489,579,494,469,314
3/04/2014,554,484,573,515,547,337
10/04/2014,585,518,599,554,541,361
17/04/2014,595,526,608,513,604,362
24/04/2014,612,554,616,539,612,394
1/05/2014,580,495,596,520,576,350
8/05/2014,567,519,577,514,591,350
15/05/2014,573,516,578,524,487,335
22/05/2014,572,496,580,513,530,339
29/05/2014,558,487,581,513,480,338
5/06/2014,595,539,603,552,550,380
12/06/2014,576,505,597,500,525,372
19/06/2014,586,538,602,552,558,391
26/06/2014,580,524,598,543,436,375
3/07/2014,570,527,585,528,507,378
10/07/2014,559,511,567,524,473,347
17/07/2014,551,508,563,522,570,360
24/07/2014,535,488,546,490,419,356
31/07/2014,473,395,495,398,467,330
7/08/2014,499,378,505,399,429,315
14/08/2014,470,401,479,379,511,332
21/08/2014,479,428,480,399,448,355
28/08/2014,455,418,454,386,513,340
4/09/2014,471,442,462,390,357,336
11/09/2014,492,455,481,417,499,346
18/09/2014,468,449,464,400,485,326
25/09/2014,480,468,466,404,478,329
2/10/2014,479,437,471,423,441,329
9/10/2014,463,437,455,387,500,333
16/10/2014,463,429,457,404,516,317
23/10/2014,464,419,458,386,495,288
30/10/2014,472,422,465,402,494,288
6/11/2014,465,431,453,417,491,322
13/11/2014,475,434,463,387,508,321
20/11/2014,482,441,471,396,525,306
27/11/2014,501,434,491,411,505,297
4/12/2014,513,474,519,442,547,322
11/12/2014,526,462,534,451,554,333
18/12/2014,548,503,562,479,539,337
25/12/2014,568,511,539,,617,252
1/01/2015,,,,,,
8/01/2015,555,511,553,474,571,348
15/01/2015,567,539,572,495,612,369
22/01/2015,547,520,566,498,598,342
29/01/2015,544,524,568,518,576,352
5/02/2015,563,526,593,522,571,358
12/02/2015,534,513,559,494,543,346
19/02/2015,514,477,533,461,533,349
26/02/2015,528,508,542,503,527,352
5/03/2015,523,516,530,494,509,366
12/03/2015,508,487,516,458,497,356
19/03/2015,491,433,500,413,465,316
26/03/2015,521,468,529,465,489,343
2/04/2015,517,481,524,452,528,333
9/04/2015,551,528,555,506,570,382
16/04/2015,528,490,536,490,545,375
23/04/2015,554,528,564,516,575,400
30/04/2015,556,522,564,512,553,376
7/05/2015,578,530,587,516,553,360
14/05/2015,576,535,597,531,568,362
21/05/2015,578,528,586,511,569,380
28/05/2015,572,514,588,535,536,366
4/06/2015,589,565,601,554,614,400
11/06/2015,587,569,593,539,537,399
18/06/2015,575,555,581,531,525,393
25/06/2015,596,574,597,561,586,402
2/07/2015,597,563,604,547,553,395
9/07/2015,577,550,570,547,495,394
16/07/2015,598,548,592,541,544,402
23/07/2015,580,536,581,531,479,389
30/07/2015,598,503,604,537,540,385
6/08/2015,593,538,598,547,584,379
13/08/2015,593,541,596,533,566,377
20/08/2015,577,541,584,519,529,368
27/08/2015,602,553,607,529,587,387
3/09/2015,598,549,593,546,592,388
10/09/2015,579,540,578,519,573,384
17/09/2015,533,499,528,463,582,357
24/09/2015,528,488,522,435,583,350
1/10/2015,529,508,513,472,572,329
8/10/2015,496,449,489,453,547,284
15/10/2015,479,440,483,383,508,304
22/10/2015,514,461,500,448,557,317
29/10/2015,517,468,516,448,549,345
5/11/2015,535,486,525,483,539,347
12/11/2015,540,492,533,473,576,334
19/11/2015,522,500,525,456,575,331
26/11/2015,536,495,545,463,580,332
3/12/2015,537,483,554,473,538,325
10/12/2015,512,483,536,442,534,286
17/12/2015,506,452,523,395,536,260
24/12/2015,539,538,527,314,513,247
31/12/2015,,,,,,
7/01/2016,535,499,535,485,515,303
14/01/2016,525,471,538,478,542,305
21/01/2016,521,477,546,482,527,273
28/01/2016,561,506,563,464,565,295
4/02/2016,560,551,563,520,591,326
11/02/2016,542,534,541,492,554,321
18/02/2016,528,526,526,501,574,303
25/02/2016,534,530,536,502,557,315
3/03/2016,516,518,513,483,539,296
10/03/2016,496,501,497,479,518,283
17/03/2016,515,505,513,479,534,279
24/03/2016,523,525,512,483,548,297
31/03/2016,515,507,513,463,561,287
7/04/2016,511,507,504,472,540,310
14/04/2016,498,483,492,464,505,311
21/04/2016,504,480,505,464,474,318
28/04/2016,512,507,510,495,513,322
5/05/2016,520,524,520,492,526,351
12/05/2016,555,542,553,526,530,343
19/05/2016,558,563,563,522,549,363
26/05/2016,585,580,593,554,562,386
2/06/2016,594,593,603,565,634,388
9/06/2016,596,598,608,570,644,397
16/06/2016,604,587,610,564,589,389
23/06/2016,633,598,645,566,646,415
30/06/2016,646,620,658,593,608,417
7/07/2016,617,588,640,593,559,378
14/07/2016,629,595,649,605,569,394
21/07/2016,617,564,628,580,515,379
28/07/2016,635,570,640,565,636,385
4/08/2016,652,579,650,560,537,387
11/08/2016,639,586,643,564,618,393
18/08/2016,601,541,605,526,593,390
25/08/2016,577,521,593,481,622,396
1/09/2016,582,555,591,542,611,415
8/09/2016,606,589,607,548,608,408
15/09/2016,622,615,617,581,646,418
22/09/2016,636,617,634,587,655,408
29/09/2016,600,595,596,540,666,398
6/10/2016,600,617,596,567,669,417
13/10/2016,566,578,554,512,614,381
20/10/2016,551,544,540,511,644,361
27/10/2016,571,583,573,512,618,363
3/11/2016,552,581,551,545,622,361
10/11/2016,550,558,544,528,622,363
17/11/2016,552,568,552,526,643,388
24/11/2016,543,561,539,510,638,392
1/12/2016,542,577,543,507,650,390
8/12/2016,529,545,535,472,605,362
15/12/2016,510,551,521,510,638,363
22/12/2016,,,,,,
29/12/2016,,,,,,
5/01/2017,,,,,,
12/01/2017,,,,,,
19/01/2017,599,598,613,545,651,405
26/01/2017,607,595,626,552,635,380
2/02/2017,638,621,653,575,700,413
9/02/2017,,,,,,
16/02/2017,664,628,672,606,703,425
23/02/2017,633,621,640,605,673,406
2/03/2017,600,587,613,558,629,406
9/03/2017,611,597,618,575,623,396
16/03/2017,620,605,621,569,632,401
23/03/2017,631,629,642,600,681,440
30/03/2017,658,666,656,619,734,450
6/04/2017,684,690,679,646,766,500
13/04/2017,673,680,673,616,718,506
20/04/2017,656,673,641,630,807,500
27/04/2017,639,666,625,610,759,486
4/05/2017,628,654,624,606,743,496
11/05/2017,,,,,,
18/05/2017,647,660,637,623,751,514
25/05/2017,662,663,646,635,708,528
1/06/2017,664,674,648,620,731,524
8/06/2017,670,682,650,648,757,521
15/06/2017,657,652,644,622,687,518
22/06/2017,655,643,633,605,669,501
29/06/2017,628,608,615,589,636,480
6/07/2017,575,560,575,547,567,438
13/07/2017,603,580,603,561,529,437
20/07/2017,628,606,616,577,700,438
27/07/2017,580,530,579,510,666,396
3/08/2017,597,576,592,537,593,414
10/08/2017,606,596,592,562,621,439
17/08/2017,593,603,575,566,627,434
24/08/2017,621,601,610,576,665,415
31/08/2017,632,615,617,553,718,414
7/09/2017,611,586,613,562,593,415
14/09/2017,597,568,600,543,603,417
21/09/2017,601,590,593,542,645,412
28/09/2017,604,572,606,525,648,380
5/10/2017,603,575,598,533,664,375
12/10/2017,613,616,613,528,660,409
19/10/2017,637,616,629,566,657,424
26/10/2017,634,630,634,571,696,448
2/11/2017,623,630,622,603,685,451
9/11/2017,637,648,639,613,727,446
16/11/2017,622,612,623,556,654,445
23/11/2017,624,618,622,563,690,458
30/11/2017,623,629,636,570,692,461
7/12/2017,651,667,655,602,727,478
14/12/2017,656,654,653,605,730,476
21/12/2017,675,675,680,623,743,456
28/12/2017,,,,,,
4/01/2018,,,,,,
11/01/2018,650,646,659,614,704,441
18/01/2018,616,605,625,587,662,406
25/01/2018,628,626,631,589,612,395
1/02/2018,637,628,643,602,693,420
8/02/2018,621,613,623,576,632,417
15/02/2018,596,577,614,577,599,382
22/02/2018,617,593,626,595,633,386
1/03/2018,621,611,626,582,666,420
8/03/2018,599,606,602,582,627,414
15/03/2018,607,591,622,603,597,440
22/03/2018,619,633,627,599,662,437
5/04/2018,596,596,602,560,606,447
12/04/2018,577,550,576,552,548,433
19/04/2018,570,561,583,544,521,414
26/04/2018,598,581,594,555,593,440
3/05/2018,595,591,590,569,600,432
10/05/2018,592,579,593,567,592,448
17/05/2018,610,597,616,582,538,470
24/05/2018,600,593,607,575,571,469
31/05/2018,611,585,615,591,586,467
7/06/2018,636,623,627,603,562,478
14/06/2018,653,624,647,612,520,478
21/06/2018,651,630,656,615,539,498
28/06/2018,699,652,697,645,578,515
5/07/2018,695,647,729,648,619,516
12/07/2018,714,661,738,674,624,512
19/07/2018,748,672,792,677,564,514
26/07/2018,791,686,835,701,643,477
2/08/2018,783,635,843,682,534,434
9/08/2018,764,619,804,664,526,431
16/08/2018,819,702,895,687,577,438
23/08/2018,857,749,900,744,692,446
30/08/2018,891,763,929,750,786,472
6/09/2018,868,806,895,790,808,484
13/09/2018,811,737,839,708,777,498
20/09/2018,791,707,798,681,743,493
27/09/2018,726,630,755,589,669,417
4/10/2018,696,650,700,599,678,421
11/10/2018,712,658,714,610,654,437
18/10/2018,746,698,749,621,755,462
25/10/2018,787,744,814,712,780,469
1/11/2018,717,676,751,616,703,438
8/11/2018,684,676,709,621,703,443
15/11/2018,698,688,716,620,743,444
22/11/2018,712,683,725,616,713,444
29/11/2018,703,687,729,614,732,456
6/12/2018,670,646,697,605,661,433
13/12/2018,667,624,677,578,657,422
20/12/2018,683,658,675,618,668,422
27/12/2018,,,,,,
3/01/2019,651,686,633,615,598,407
10/01/2019,661,655,656,609,687,423
17/01/2019,640,609,634,584,606,382
24/01/2019,667,653,660,612,625,401
31/01/2019,658,642,647,655,615,403
7/02/2019,629,606,623,582,595,379
14/02/2019,634,602,641,574,640,391
21/02/2019,659,644,662,612,637,417
28/02/2019,649,646,645,609,628,415
7/03/2019,632,623,628,590,589,385
14/03/2019,631,635,634,606,594,396
21/03/2019,637,614,627,579,617,418
28/03/2019,682,679,669,649,714,488
4/04/2019,701,685,687,666,709,521
11/04/2019,714,704,700,693,740,532
18/04/2019,724,728,707,653,708,519
25/04/2019,718,722,705,694,739,498
2/05/2019,761,757,723,734,797,547
9/05/2019,780,776,758,750,891,558
16/05/2019,799,782,783,745,837,554
23/05/2019,830,793,834,780,875,567
30/05/2019,896,837,921,827,870,595
6/06/2019,889,772,883,751,859,579
13/06/2019,851,784,886,773,752,584
20/06/2019,895,809,927,822,826,592
27/06/2019,910,810,937,820,819,577
4/07/2019,920,846,965,862,867,589
11/07/2019,957,863,977,865,891,571
18/07/2019,961,891,1005,873,839,626
25/07/2019,933,857,979,850,924,604
1/08/2019,882,818,898,786,839,577
8/08/2019,856,817,887,783,858,591
15/08/2019,837,804,833,779,864,582
22/08/2019,818,772,812,750,883,601
29/08/2019,816,757,812,730,852,588
5/09/2019,816,786,816,759,801,579
12/09/2019,833,755,847,740,848,542
19/09/2019,816,774,819,735,839,523
26/09/2019,823,787,816,744,872,578
3/10/2019,821,782,818,756,874,588
10/10/2019,828,824,830,779,900,594
17/10/2019,807,774,797,707,857,578
24/10/2019,783,757,783,712,829,577
31/10/2019,770,718,774,697,789,542
7/11/2019,772,759,768,701,813,573
14/11/2019,754,748,746,712,802,580
21/11/2019,732,743,723,718,775,579
28/11/2019,739,735,731,705,764,577
5/12/2019,739,751,737,726,741,564
12/12/2019,715,704,719,666,695,548
19/12/2019,729,743,728,657,729,471
26/12/2019,,,,,,
2/01/2020,,,,,,
9/01/2020,743,750,721,704,747,571
16/01/2020,756,746,733,727,784,555
23/01/2020,780,790,776,759,842,576
