,Date,18-22kg,12-18kg,22+kg,16-22kg,0-18kg,18-24kg
0,6/01/2000,205,200,198,183,214,60
1,13/01/2000,201,190,195,134,192,56
2,20/01/2000,195,184,185,146,197,53
3,27/01/2000,191,170,180,118,188,52
4,3/02/2000,188,172,182,133,180,51
5,10/02/2000,176,159,173,131,160,48
6,17/02/2000,187,167,183,123,165,45
7,24/02/2000,179,152,174,95,166,51
8,2/03/2000,173,152,172,105,146,50
9,9/03/2000,176,163,175,136,134,49
10,16/03/2000,185,176,175,128,160,53
11,23/03/2000,182,174,175,144,166,64
12,30/03/2000,181,173,176,145,169,67
13,6/04/2000,182,177,175,138,164,69
14,13/04/2000,172,164,163,124,151,66
15,20/04/2000,175,170,161,123,155,61
16,27/04/2000,162,152,156,130,171,69
17,4/05/2000,169,166,166,116,145,67
18,11/05/2000,159,148,158,110,135,71
19,18/05/2000,161,145,158,105,144,79
20,25/05/2000,150,134,156,102,128,77
21,1/06/2000,153,130,150,111,130,77
22,8/06/2000,135,119,147,97,113,77
23,15/06/2000,127,103,134,83,90,67
24,22/06/2000,136,110,132,75,81,62
25,29/06/2000,133,116,140,79,100,61
26,6/07/2000,155,133,151,92,113,78
27,13/07/2000,153,140,150,113,113,86
28,20/07/2000,139,127,143,100,114,80
29,27/07/2000,147,121,144,87,99,78
30,3/08/2000,134,118,133,76,109,74
31,10/08/2000,121,134,134,91,83,70
32,17/08/2000,150,131,153,97,105,68
33,24/08/2000,145,133,155,84,84,67
34,31/08/2000,150,139,155,96,97,74
35,7/09/2000,144,130,155,87,120,72
36,14/09/2000,140,138,162,86,101,67
37,21/09/2000,126,120,156,81,123,67
38,28/09/2000,126,121,150,76,105,63
39,5/10/2000,137,129,156,88,136,64
40,12/10/2000,131,117,149,82,115,54
41,19/10/2000,142,136,147,93,176,57
42,26/10/2000,162,158,165,130,149,66
43,2/11/2000,156,151,160,114,165,70
44,9/11/2000,161,152,175,115,144,66
45,16/11/2000,182,167,192,116,147,72
46,23/11/2000,179,159,196,122,159,79
47,30/11/2000,176,154,189,93,148,79
48,7/12/2000,188,157,212,97,164,77
49,14/12/2000,185,158,203,149,159,73
50,21/12/2000,182,164,187,113,151,75
51,28/12/2000,176.5,158,181.5,111,160.5,70
52,4/01/2001,171,152,176,109,170,65
53,11/01/2001,194,166,197,101,151,66
54,18/01/2001,197,170,199,128,150,58
55,25/01/2001,202,178,209,143,149,63
56,1/02/2001,223,181,224,144,169,68
57,8/02/2001,235,196,238,162,160,77
58,15/02/2001,255,206,280,147,167,83
59,22/02/2001,225,189,261,153,167,87
60,1/03/2001,239,198,262,172,168,83
61,8/03/2001,239,190,270,146,181,90
62,15/03/2001,241,194,270,159,165,95
63,22/03/2001,255,210,292,181,189,104
64,29/03/2001,260,205,304,175,179,120
65,5/04/2001,252,213,283,184,194,132
66,12/04/2001,247,206,273,187,182,117
67,19/04/2001,225,180,254,159,185,117
68,26/04/2001,229,187,257,176,184,123
69,3/05/2001,234,186,266,161,177,124
70,10/05/2001,222,182,262,159,173,124
71,17/05/2001,227,185,282,163,182,134
72,24/05/2001,213,180,259,156,177,147
73,31/05/2001,208,170,251,160,173,133
74,7/06/2001,244,181,275,161,152,131
75,14/06/2001,278,212,300,177,184,146
76,21/06/2001,311,245,333,197,250,176
77,28/06/2001,282,227,338,207,190,174
78,5/07/2001,270,216,324,190,186,171
79,12/07/2001,282,225,307,187,198,155
80,19/07/2001,281,226,299,203,183,157
81,26/07/2001,296,229,307,214,212,175
82,2/08/2001,305,272,325,199,220,174
83,9/08/2001,319,277,348,227,216,179
84,16/08/2001,315,263,344,191,237,175
85,23/08/2001,316,268,345,215,219,172
86,30/08/2001,348,295,385,232,225,179
87,6/09/2001,346,309,386,295,241,190
88,13/09/2001,360,322,375,269,282,185
89,20/09/2001,331,281,352,229,276,182
90,27/09/2001,280,231,316,184,222,171
91,4/10/2001,271,210,303,187,238,155
92,11/10/2001,285,230,309,165,236,126
93,18/10/2001,286,254,315,197,256,162
94,25/10/2001,274,250,303,200,248,153
95,1/11/2001,262,231,295,184,235,143
96,8/11/2001,274,243,300,187,237,133
97,15/11/2001,290,254,302,197,258,127
98,22/11/2001,291,256,301,222,262,149
99,29/11/2001,280,247,294,210,262,149
100,6/12/2001,276,257,288,238,244,144
101,13/12/2001,278,236,295,217,240,139
102,20/12/2001,285,248,300,220,256,132
103,27/12/2001,276,250,289,200,252,139
104,3/01/2002,267,252,278,180,248,146
105,10/01/2002,278,239,285,195,219,138
106,17/01/2002,283,238,290,187,221,116
107,24/01/2002,304,255,305,213,214,126
108,31/01/2002,321,270,315,216,240,155
109,7/02/2002,340,308,341,235,269,164
110,14/02/2002,369,310,369,269,284,180
111,21/02/2002,368,331,360,276,305,180
112,28/02/2002,368,333,376,322,353,193
113,7/03/2002,375,353,374,344,323,205
114,14/03/2002,359,326,369,291,305,187
115,21/03/2002,310,284,320,252,281,167
116,28/03/2002,327,302,332,238,259,169
117,4/04/2002,348,328,347,283,313,203
118,11/04/2002,310,279,316,256,287,200
119,18/04/2002,307,275,298,228,266,191
120,25/04/2002,322,276,311,257,282,184
121,2/05/2002,299,288,295,243,298,186
122,9/05/2002,288,259,272,205,270,179
123,16/05/2002,291,244,286,210,270,179
124,23/05/2002,284,246,276,216,244,183
125,30/05/2002,272,227,267,202,214,186
126,6/06/2002,276,221,260,191,206,179
127,13/06/2002,288,225,278,203,202,187
128,20/06/2002,313,256,296,226,226,200
129,27/06/2002,322,255,309,222,223,204
130,4/07/2002,309,261,298,246,223,203
131,11/07/2002,309,247,306,238,189,191
132,18/07/2002,313,240,307,216,195,171
133,25/07/2002,337,274,341,235,193,148
134,1/08/2002,339,284,356,239,217,147
135,8/08/2002,353,312,351,266,185,161
136,15/08/2002,377,319,378,303,270,173
137,22/08/2002,361,296,370,257,206,154
138,29/08/2002,359,295,366,268,196,127
139,5/09/2002,372,317,371,290,208,133
140,12/09/2002,380,328,383,295,252,162
141,19/09/2002,418,361,417,300,300,184
142,26/09/2002,400,338,399,324,284,171
143,3/10/2002,378,331,384,271,280,139
144,10/10/2002,356,299,387,246,207,143
145,17/10/2002,324,264,340,219,199,118
146,24/10/2002,289,230,309,178,154,94
147,31/10/2002,308,236,326,198,157,90
148,7/11/2002,285,204,308,163,153,85
149,14/11/2002,277,203,307,199,144,93
150,21/11/2002,312,252,316,204,190,127
151,28/11/2002,324,256,328,312,196,141
152,5/12/2002,317,248,327,220,184,133
153,12/12/2002,333,274,336,239,201,143
154,19/12/2002,356,303,345,255,226,137
155,26/12/2002,349,287,326,280.3333333,228,131
156,2/01/2003,353,294.5,343,305.6666667,237.5,161
157,9/01/2003,357,302,360,331,247,191
158,16/01/2003,331,271,336,179,225,163
159,23/01/2003,331,262,346,257,225,137
160,30/01/2003,346,267,361,274,213,143
161,6/02/2003,334,272,352,251,190,158
162,13/02/2003,327,267,340,232,204,140
163,20/02/2003,349,294,372,303,239,168
164,27/02/2003,432,380,432,380,315,191
165,6/03/2003,417,356,413,362,320,201
166,13/03/2003,432,390,427,370,315,199
167,20/03/2003,398,354,421,324,316,196
168,27/03/2003,399,356,413,336,326,207
169,3/04/2003,387,343,404,316,313,201
170,10/04/2003,396,364,413,351,325,200
171,17/04/2003,404,371,401,351,351,237
172,24/04/2003,398,341,399,353,341,220
173,1/05/2003,381,345,400,336,325,211
174,8/05/2003,365,329,384,282,321,187
175,15/05/2003,377,342,391,305,332,183
176,22/05/2003,387,355,401,340,337,191
177,29/05/2003,388,346,404,330,328,192
178,5/06/2003,402,357,416,358,351,197
179,12/06/2003,423,364,427,362,340,200
180,19/06/2003,425,373,428,370,370,210
181,26/06/2003,421,357,416,352,313,208
182,3/07/2003,416,365,416,341,345,218
183,10/07/2003,436,374,430,344,358,225
184,17/07/2003,453,398,446,365,351,246
185,24/07/2003,457,398,452,381,377,240
186,31/07/2003,462,398,455,397,398,242
187,7/08/2003,454,377,457,366,356,243
188,14/08/2003,456,388,455,366,388,253
189,21/08/2003,464,388,462,389,369,258
190,28/08/2003,463,399,463,381,429,244
191,4/09/2003,444,374,439,360,385,252
192,11/09/2003,410,361,401,327,411,249
193,18/09/2003,386,352,370,312,375,227
194,25/09/2003,371,344,373,317,370,227
195,2/10/2003,373,346,372,319,378,214
196,9/10/2003,389,368,374,348,382,238
197,16/10/2003,352,348,338,315,369,226
198,23/10/2003,346,351,334,326,388,224
199,30/10/2003,354,364,338,317,433,226
200,6/11/2003,349,354,337,312,408,200
201,13/11/2003,334,335,324,279,364,183
202,20/11/2003,339,338,319,270,396,201
203,27/11/2003,347,356,323,264,369,197
204,4/12/2003,342,337,317,295,370,197
205,11/12/2003,342,354,311,280,360,200
206,18/12/2003,352,350,324,294,377,204
207,25/12/2003,350,274,327,287,368.6666667,200
208,1/01/2004,348,299.5,324,280,360.3333333,199
209,8/01/2004,346,325,321,273,352,198
210,15/01/2004,349,333,333,289,350,191
211,22/01/2004,382,368,361,312,382,189
212,29/01/2004,396,374,367,307,379,192
213,5/02/2004,393,396,356,348,373,203
214,12/02/2004,371,355,352,305,370,202
215,19/02/2004,353,344,339,310,344,197
216,26/02/2004,384,385,353,323,378,210
217,4/03/2004,366,358,337,305,365,205
218,11/03/2004,371,350,335,298,364,198
219,18/03/2004,368,338,339,297,376,200
220,25/03/2004,350,349,321,295,370,196
221,1/04/2004,349,339,319,286,352,184
222,8/04/2004,344,328,314,299,302,189
223,15/04/2004,342,303,321,279,338,197
224,22/04/2004,317,268,301,254,284,177
225,29/04/2004,336,277,317,250,299,173
226,6/05/2004,363,287,341,277,329,186
227,13/05/2004,352,297,336,251,297,183
228,20/05/2004,368,308,353,291,318,193
229,27/05/2004,413,346,389,326,316,202
230,3/06/2004,429,342,425,323,334,208
231,10/06/2004,444,361,440,346,338,212
232,17/06/2004,447,328,453,360,342,220
233,24/06/2004,531,395,504,396,392,227
234,1/07/2004,496,390,497,376,387,236
235,8/07/2004,507,365,492,376,426,249
236,15/07/2004,510,374,491,380,360,247
237,22/07/2004,518,353,508,380,388,228
238,29/07/2004,535,384,516,378,387,236
239,5/08/2004,532,379,530,367,418,232
240,12/08/2004,509,371,516,365,381,238
241,19/08/2004,481,349,474,336,348,230
242,26/08/2004,414,305,414,283,389,200
243,2/09/2004,426,319,412,287,316,194
244,9/09/2004,426,349,423,300,372,207
245,16/09/2004,417,350,435,319,361,213
246,23/09/2004,388,326,411,290,339,203
247,30/09/2004,360,314,373,272,341,189
248,7/10/2004,368,335,375,279,353,190
249,14/10/2004,338,297,341,263,338,181
250,21/10/2004,317,275,322,245,340,172
251,28/10/2004,324,275,308,242,339,162
252,4/11/2004,343,302,331,262,354,170
253,11/11/2004,348,319,335,274,387,180
254,18/11/2004,359,335,330,283,365,184
255,25/11/2004,358,335,337,283,374,184
256,2/12/2004,339,309,327,253,360,171
257,9/12/2004,355,335,327,275,445,178
258,16/12/2004,368,342,343,295,415,179
259,23/12/2004,371,367,346,295,372,186
260,30/12/2004,358,358.5,339,293,371.5,185
261,6/01/2005,345,350,332,291,371,184
262,13/01/2005,341,312,325,272,372,176
263,20/01/2005,353,333,330,283,378,176
264,27/01/2005,338,302,310,269,363,161
265,3/02/2005,347,305,322,275,363,169
266,10/02/2005,339,324,312,268,362,165
267,17/02/2005,330,306,302,251,350,161
268,24/02/2005,339,338,314,283,356,171
269,3/03/2005,337,339,310,285,362,168
270,10/03/2005,327,320,300,271,336,171
271,17/03/2005,316,299,288,261,324,160
272,24/03/2005,319,292,290,255,298,153
273,31/03/2005,330,295,299,284,344,169
274,7/04/2005,309,265,288,241,316,161
275,14/04/2005,316,269,293,244,303,152
276,21/04/2005,330,289,302,265,322,146
277,28/04/2005,320,287,289,256,327,152
278,5/05/2005,331,276,299,256,320,164
279,12/05/2005,324,275,293,248,327,167
280,19/05/2005,328,273,294,268,329,173
281,26/05/2005,337,272,304,269,317,172
282,2/06/2005,337,270,297,261,310,162
283,9/06/2005,354,288,315,274,329,156
284,16/06/2005,399,322,338,309,368,181
285,23/06/2005,407,350,379,335,383,209
286,30/06/2005,403,334,379,336,361,232
287,7/07/2005,403,346,381,328,359,227
288,14/07/2005,401,352,387,327,384,232
289,21/07/2005,418,343,392,339,340,236
290,28/07/2005,418,355,395,350,371,230
291,4/08/2005,410,350,375,336,356,215
292,11/08/2005,396,319,369,311,337,218
293,18/08/2005,382,315,367,312,352,212
294,25/08/2005,385,307,373,309,316,212
295,1/09/2005,413,322,408,314,347,205
296,8/09/2005,396,321,392,308,361,200
297,15/09/2005,395,331,397,320,370,186
298,22/09/2005,402,314,395,307,330,189
299,29/09/2005,400,336,392,290,337,184
300,6/10/2005,368,308,365,280,334,188
301,13/10/2005,342,283,337,240,329,175
302,20/10/2005,333,285,323,243,333,158
303,27/10/2005,352,304,333,243,319,164
304,3/11/2005,350,314,340,255,323,167
305,10/11/2005,347,298,342,245,330,167
306,17/11/2005,344,328,330,237,325,170
307,24/11/2005,350,313,342,240,325,172
308,1/12/2005,346,311,331,238,324,179
309,8/12/2005,353,306,350,228,339,169
310,15/12/2005,358,316,352,264,375,162
311,22/12/2005,346,328,341,253,327,160
312,29/12/2005,344,316.5,342,249.5,338.5,163.5
313,5/01/2006,342,305,343,246,350,167
314,12/01/2006,327,269,327,239,315,144
315,19/01/2006,335,302,343,243,327,138
316,26/01/2006,360,306,349,250,329,153
317,2/02/2006,365,324,347,268,369,158
318,9/02/2006,374,335,369,277,343,162
319,16/02/2006,362,329,358,287,335,154
320,23/02/2006,363,324,352,290,315,152
321,2/03/2006,357,328,350,291,338,158
322,9/03/2006,349,322,345,278,318,167
323,16/03/2006,337,294,330,254,325,170
324,23/03/2006,332,285,328,264,321,163
325,30/03/2006,332,296,332,274,326,156
326,6/04/2006,339,314,336,284,333,172
327,13/04/2006,334,308,326,281,298,167
328,20/04/2006,338,303,327,279,334,191
329,27/04/2006,336,296,326,279,320,179
330,4/05/2006,339,298,325,283,320,182
331,11/05/2006,347,298,330,286,318,188
332,18/05/2006,336,292,324,272,308,193
333,25/05/2006,350,303,340,302,333,190
334,1/06/2006,356,309,343,289,297,184
335,8/06/2006,348,298,337,278,321,179
336,15/06/2006,356,304,346,289,341,190
337,22/06/2006,350,293,338,298,310,203
338,29/06/2006,365,299,345,305,317,209
339,6/07/2006,378,303,354,312,347,213
340,13/07/2006,367,304,345,307,338,210
341,20/07/2006,394,314,365,320,352,224
342,27/07/2006,392,317,359,307,360,212
343,3/08/2006,380,282,347,280,356,200
344,10/08/2006,365,282,337,260,289,179
345,17/08/2006,345,251,320,249,288,175
346,24/08/2006,336,232,303,231,310,150
347,31/08/2006,319,226,295,205,263,135
348,7/09/2006,323,236,294,221,292,135
349,14/09/2006,324,238,302,212,283,150
350,21/09/2006,282,204,276,167,271,119
351,28/09/2006,301,187,298,167,251,100
352,5/10/2006,292,199,293,135,205,74
353,12/10/2006,290,186,295,145,185,69
354,19/10/2006,292,191,290,158,182,53
355,26/10/2006,293,194,294,175,195,56
356,2/11/2006,279,206,280,169,193,59
357,9/11/2006,303,214,308,188,227,75
358,16/11/2006,315,227,309,171,220,72
359,23/11/2006,316,241,320,183,211,68
360,30/11/2006,308,208,309,181,195,58
361,7/12/2006,310,215,313,164,207,48
362,14/12/2006,295,215,299,194,188,56
363,21/12/2006,299,218,277,190,196,61
364,28/12/2006,315.5,243,300.5,190,230.5,80.5
365,4/01/2007,332,268,324,190,265,100
366,11/01/2007,313,255,302,213,238,121
367,18/01/2007,302,243,297,198,211,110
368,25/01/2007,338,287,325,218,244,113
369,1/02/2007,345,266,331,227,246,130
370,8/02/2007,329,267,332,260,259,131
371,15/02/2007,331,270,329,239,255,142
372,22/02/2007,340,288,344,253,305,150
373,1/03/2007,350,292,352,277,289,161
374,8/03/2007,345,286,346,285,304,172
375,15/03/2007,334,287,330,275,306,178
376,22/03/2007,345,300,336,283,323,188
377,29/03/2007,347,298,344,271,298,181
378,5/04/2007,341,290,337,298,296,181
379,12/04/2007,325,300,334,275,260,164
380,19/04/2007,309,254,308,240,224,133
381,26/04/2007,330,246,330,275,207,129
382,3/05/2007,370,309,357,308,315,190
383,10/05/2007,350,300,343,295,308,185
384,17/05/2007,368,319,360,309,326,200
385,24/05/2007,388,343,370,332,346,198
386,31/05/2007,390,341,380,337,338,206
387,7/06/2007,389,341,380,328,353,222
388,14/06/2007,386,337,384,308,351,223
389,21/06/2007,376,325,373,310,325,217
390,28/06/2007,376,314,368,319,329,205
391,5/07/2007,381,321,369,317,350,223
392,12/07/2007,383,323,375,311,365,219
393,19/07/2007,378,314,368,304,334,232
394,26/07/2007,351,282,343,261,303,210
395,2/08/2007,333,261,321,249,293,200
396,9/08/2007,338,283,327,260,305,204
397,16/08/2007,309,242,307,233,266,190
398,23/08/2007,297,219,299,209,283,169
399,30/08/2007,274,199,271,168,246,132
400,6/09/2007,302,219,302,205,236,128
401,13/09/2007,278,220,281,176,255,147
402,20/09/2007,269,184,261,157,217,124
403,27/09/2007,277,196,260,181,215,81
404,4/10/2007,259,232,264,183,217,77
405,11/10/2007,261,182,253,164,190,115
406,18/10/2007,243,172,237,161,216,116
407,25/10/2007,249,191,239,152,207,101
408,1/11/2007,298,242,277,207,280,127
409,8/11/2007,306,270,300,231,302,134
410,15/11/2007,280,238,277,215,274,164
411,22/11/2007,304,271,294,210,288,165
412,29/11/2007,305,273,302,240,307,162
413,6/12/2007,306,267,291,235,297,161
414,13/12/2007,309,280,303,228,292,161
415,20/12/2007,320,279,304,261,293,180
416,27/12/2007,329.5,298.5,316.5,240.5,312,199.5
417,3/01/2008,339,318,329,220,331,219
418,10/01/2008,348,319,338,252,308,197
419,17/01/2008,329,306,332,280,323,198
420,24/01/2008,363,325,366,297,333,177
421,31/01/2008,376,326,366,298,341,174
422,7/02/2008,388,338,368,307,381,195
423,14/02/2008,376,345,355,297,356,191
424,21/02/2008,381,334,356,288,358,194
425,28/02/2008,366,319,341,299,344,199
426,6/03/2008,336,311,319,253,329,189
427,13/03/2008,332,283,318,244,322,181
428,20/03/2008,342,295,322,283,294,187
429,27/03/2008,362,320,345,263,335,205
430,3/04/2008,350,319,341,283,329,195
431,10/04/2008,339,293,330,258,308,191
432,17/04/2008,347,297,332,274,307,194
433,24/04/2008,360,310,332,281,329,199
434,1/05/2008,367,321,348,286,348,202
435,8/05/2008,363,315,348,288,330,206
436,15/05/2008,362,297,352,293,328,200
437,22/05/2008,381,302,382,297,325,203
438,29/05/2008,379,306,382,302,329,203
439,5/06/2008,414,319,408,310,322,204
440,12/06/2008,462,352,452,320,337,215
441,19/06/2008,465,341,464,351,317,221
442,26/06/2008,451,333,454,311,328,215
443,3/07/2008,465,323,468,331,320,205
444,10/07/2008,461,321,468,316,294,192
445,17/07/2008,451,329,474,349,344,203
446,24/07/2008,450,325,455,330,326,202
447,31/07/2008,463,343,462,364,343,213
448,7/08/2008,470,335,477,336,327,202
449,14/08/2008,460,307,460,324,338,196
450,21/08/2008,451,320,458,351,323,186
451,28/08/2008,454,333,440,347,307,199
452,4/09/2008,445,327,453,350,280,197
453,11/09/2008,468,348,468,366,298,207
454,18/09/2008,456,360,465,380,338,206
455,25/09/2008,395,319,401,322,355,200
456,2/10/2008,382,292,385,295,296,181
457,9/10/2008,380,309,376,287,313,171
458,16/10/2008,359,301,362,289,339,167
459,23/10/2008,355,285,371,266,308,172
460,30/10/2008,351,288,355,256,330,160
461,6/11/2008,349,278,351,231,313,162
462,13/11/2008,349,298,361,258,332,155
463,20/11/2008,362,292,371,264,336,168
464,27/11/2008,389,306,405,285,359,182
465,4/12/2008,405,352,420,320,381,185
466,11/12/2008,409,349,428,335,385,188
467,18/12/2008,399,352,432,309,383,191
468,25/12/2008,412,376,394,320,306,193
469,1/01/2009,410,371.5,417.5,331,342,194.5
470,8/01/2009,408,367,441,342,378,196
471,15/01/2009,402,337,432,331,379,189
472,22/01/2009,385,319,394,312,352,175
473,29/01/2009,390,333,410,331,333,175
474,5/02/2009,385,323,405,308,352,162
475,12/02/2009,393,342,410,308,357,163
476,19/02/2009,421,355,448,339,375,182
477,26/02/2009,415,342,428,328,381,188
478,5/03/2009,418,357,442,341,381,189
479,12/03/2009,423,359,441,345,377,197
480,19/03/2009,439,369,453,351,414,202
481,26/03/2009,448,375,460,364,383,197
482,2/04/2009,451,364,463,362,395,208
483,9/04/2009,434,366,414,361,377,213
484,16/04/2009,464,370,472,385,418,229
485,23/04/2009,455,376,459,387,397,234
486,30/04/2009,456,359,448,364,407,234
487,7/05/2009,466,393,466,381,409,253
488,14/05/2009,456,375,462,368,425,256
489,21/05/2009,467,377,471,377,382,252
490,28/05/2009,484,382,484,394,433,284
491,4/06/2009,471,362,474,388,398,271
492,11/06/2009,522,382,529,413,434,290
493,18/06/2009,503,395,517,409,442,308
494,25/06/2009,494,387,495,394,437,298
495,2/07/2009,501,387,500,395,431,292
496,9/07/2009,500,406,500,407,428,293
497,16/07/2009,498,406,501,410,442,310
498,23/07/2009,481,400,482,407,449,327
499,30/07/2009,457,374,459,380,418,312
500,6/08/2009,433,350,431,342,393,300
501,13/08/2009,427,355,418,329,398,282
502,20/08/2009,442,375,432,358,403,279
503,27/08/2009,425,358,424,346,389,284
504,3/09/2009,450,381,444,359,352,284
505,10/09/2009,464,384,454,377,380,287
506,17/09/2009,434,379,440,361,411,272
507,24/09/2009,441,371,434,367,389,268
508,1/10/2009,454,388,442,364,417,287
509,8/10/2009,448,399,434,368,438,299
510,15/10/2009,430,393,421,367,437,291
511,22/10/2009,435,389,427,369,406,299
512,29/10/2009,421,393,411,355,439,293
513,5/11/2009,418,393,414,367,443,291
514,12/11/2009,414,387,410,366,435,292
515,19/11/2009,399,383,389,359,410,289
516,26/11/2009,394,372,397,339,432,288
517,3/12/2009,437,396,435,359,442,290
518,10/12/2009,440,384,437,354,437,278
519,17/12/2009,442,402,446,366,434,275
520,24/12/2009,474,392,462,377.6666667,419,242
521,31/12/2009,480,410.5,467.5,389.3333333,421,267
522,7/01/2010,486,429,473,401,423,292
523,14/01/2010,503,426,486,397,496,309
524,21/01/2010,516,457,495,417,520,323
525,28/01/2010,505,437,492,427,508,310
526,4/02/2010,494,451,488,424,477,313
527,11/02/2010,483,426,474,410,514,306
528,18/02/2010,522,457,509,437,537,313
529,25/02/2010,520,472,503,450,522,322
530,4/03/2010,507,464,483,431,539,345
531,11/03/2010,501,469,481,437,527,350
532,18/03/2010,496,447,477,428,519,354
533,25/03/2010,492,441,477,428,559,346
534,1/04/2010,481,429,464,418,485,339
535,8/04/2010,487,457,467,451,494,368
536,15/04/2010,481,435,464,434,513,371
537,22/04/2010,469,423,455,401,501,363
538,29/04/2010,484,442,470,430,475,363
539,6/05/2010,493,453,482,431,543,382
540,13/05/2010,506,459,487,437,557,402
541,20/05/2010,508,454,485,451,507,399
542,27/05/2010,514,465,497,448,514,405
543,3/06/2010,526,468,507,461,534,404
544,10/06/2010,535,477,521,481,535,410
545,17/06/2010,542,491,528,470,524,418
546,24/06/2010,525,470,517,458,543,396
547,1/07/2010,519,470,509,452,544,396
548,8/07/2010,513,476,495,451,480,408
549,15/07/2010,504,425,493,440,461,433
550,22/07/2010,508,451,489,442,473,406
551,29/07/2010,514,428,490,427,446,393
552,5/08/2010,549,465,521,461,499,411
553,12/08/2010,552,475,528,462,540,416
554,19/08/2010,565,506,549,485,555,424
555,26/08/2010,564,512,552,503,577,449
556,2/09/2010,554,516,540,494,560,437
557,9/09/2010,556,515,538,516,600,446
558,16/09/2010,547,509,527,483,597,416
559,23/09/2010,508,493,497,454,569,422
560,30/09/2010,491,458,485,450,493,401
561,7/10/2010,489,469,484,428,512,370
562,14/10/2010,483,445,469,401,544,357
563,21/10/2010,489,467,474,417,553,361
564,28/10/2010,476,457,462,411,526,355
565,4/11/2010,484,453,469,412,552,376
566,11/11/2010,497,460,482,432,537,369
567,18/11/2010,505,493,494,452,541,408
568,25/11/2010,511,505,497,458,566,413
569,2/12/2010,524,509,517,462,573,414
570,9/12/2010,530,526,519,464,597,413
571,16/12/2010,534,534,529,475,605,425
572,23/12/2010,547,521,532,448,566,404
573,30/12/2010,543.5,524.5,534.5,462.5,563,417.5
574,6/01/2011,540,528,537,477,560,431
575,13/01/2011,579,554,573,498,635,423
576,20/01/2011,609,581,598,538,622,430
577,27/01/2011,564,527,568,515,649,407
578,3/02/2011,624,566,617,521,647,407
579,10/02/2011,614,573,607,532,654,418
580,17/02/2011,633,578,627,528,616,423
581,24/02/2011,677,622,665,565,691,441
582,3/03/2011,669,623,652,554,728,434
583,10/03/2011,660,607,638,550,719,435
584,17/03/2011,650,611,624,545,707,440
585,24/03/2011,639,603,624,576,738,444
586,31/03/2011,655,636,624,597,775,457
587,7/04/2011,636,613,605,565,769,465
588,14/04/2011,626,632,600,547,694,441
589,21/04/2011,630,623,593,552,645,435
590,28/04/2011,606,664,578,487,667,440
591,5/05/2011,586,538,565,522,636,433
592,12/05/2011,536,527,524,518,543,420
593,19/05/2011,580,563,561,534,620,432
594,26/05/2011,594,595,564,556,667,443
595,2/06/2011,552,554,530,509,644,426
596,9/06/2011,537,558,519,509,541,431
597,16/06/2011,531,529,512,504,553,433
598,23/06/2011,526,515,490,488,553,444
599,30/06/2011,494,506,475,466,510,415
600,7/07/2011,509,496,477,452,504,429
601,14/07/2011,477,496,448,463,521,437
602,21/07/2011,483,515,445,467,519,426
603,28/07/2011,484,505,447,471,551,432
604,4/08/2011,485,502,455,448,522,428
605,11/08/2011,485,462,445,435,455,392
606,18/08/2011,518,477,483,440,531,389
607,25/08/2011,518,498,474,472,517,386
608,1/09/2011,504,487,483,449,568,394
609,8/09/2011,523,508,497,471,609,406
610,15/09/2011,535,528,496,469,591,420
611,22/09/2011,514,512,488,452,576,402
612,29/09/2011,513,513,495,459,586,378
613,6/10/2011,558,562,518,486,573,386
614,13/10/2011,552,556,525,472,613,400
615,20/10/2011,520,514,498,459,569,395
616,27/10/2011,530,531,506,450,594,402
617,3/11/2011,517,521,496,456,583,380
618,10/11/2011,505,501,497,433,596,352
619,17/11/2011,512,513,498,415,609,339
620,24/11/2011,519,529,508,459,595,359
621,1/12/2011,538,536,520,481,633,381
622,8/12/2011,535,562,516,473,637,377
623,15/12/2011,535,550,521,492,600,377
624,22/12/2011,526,521,507,467,587,393
625,29/12/2011,515.5,515.5,500.5,468,572.5,373.5
626,5/01/2012,505,510,494,469,558,354
627,12/01/2012,486,508,480,446,562,312
628,19/01/2012,479,478,471,444,519,298
629,26/01/2012,496,492,477,462,515,310
630,2/02/2012,491,492,480,457,538,320
631,9/02/2012,476,480,456,470,504,299
632,16/02/2012,469,455,453,440,504,288
633,23/02/2012,481,492,462,466,513,289
634,1/03/2012,489,500,473,468,533,308
635,8/03/2012,499,483,475,469,534,295
636,15/03/2012,458,479,441,420,508,293
637,22/03/2012,466,481,453,446,499,285
638,29/03/2012,468,488,454,445,508,291
639,5/04/2012,456,474,440,446,509,296
640,12/04/2012,456,480,441,432,506,306
641,19/04/2012,398,412,391,372,435,272
642,26/04/2012,430,403,423,378,473,271
643,3/05/2012,433,443,415,405,424,277
644,10/05/2012,429,445,409,401,463,287
645,17/05/2012,400,417,392,376,394,290
646,24/05/2012,410,417,393,375,428,307
647,31/05/2012,411,430,395,369,435,297
648,7/06/2012,403,404,381,379,440,308
649,14/06/2012,407,417,387,360,408,301
650,21/06/2012,381,377,368,324,399,278
651,28/06/2012,385,367,370,326,389,267
652,5/07/2012,410,396,387,353,392,293
653,12/07/2012,408,389,388,337,372,301
654,19/07/2012,425,409,407,379,399,321
655,26/07/2012,428,430,407,387,427,320
656,2/08/2012,420,381,404,361,432,293
657,9/08/2012,408,362,388,327,389,266
658,16/08/2012,421,364,395,328,409,245
659,23/08/2012,396,324,386,298,350,238
660,30/08/2012,434,356,410,333,438,248
661,6/09/2012,437,377,418,329,409,235
662,13/09/2012,401,335,399,299,382,206
663,20/09/2012,392,336,378,288,390,186
664,27/09/2012,391,351,390,316,408,188
665,4/10/2012,381,359,384,319,372,170
666,11/10/2012,384,339,387,314,430,158
667,18/10/2012,373,339,377,301,386,155
668,25/10/2012,357,338,349,290,360,152
669,1/11/2012,348,342,362,285,366,144
670,8/11/2012,372,337,376,285,347,163
671,15/11/2012,337,311,351,267,337,166
672,22/11/2012,323,306,335,249,325,167
673,29/11/2012,337,292,346,237,308,159
674,6/12/2012,344,328,351,272,349,162
675,13/12/2012,350,329,360,259,346,144
676,20/12/2012,335,318,360,302,327,129
677,27/12/2012,344,324,367,288,312.5,143
678,3/01/2013,353,330,374,274,298,157
679,10/01/2013,339,323,350,291,317,134
680,17/01/2013,331,304,348,266,307,110
681,24/01/2013,345,295,361,292,306,99
682,31/01/2013,374,343,383,323,341,135
683,7/02/2013,369,346,384,338,320,140
684,14/02/2013,382,345,397,328,298,148
685,21/02/2013,394,357,403,313,332,141
686,28/02/2013,443,404,434,383,371,161
687,7/03/2013,446,397,451,362,402,181
688,14/03/2013,437,383,453,367,412,165
689,21/03/2013,436,368,445,332,384,169
690,28/03/2013,454,378,445,374,402,186
691,4/04/2013,428,394,447,383,433,166
692,11/04/2013,407,365,431,367,379,154
693,18/04/2013,385,319,408,317,348,143
694,25/04/2013,401,328,422,347,355,160
695,2/05/2013,368,308,392,306,323,147
696,9/05/2013,370,302,384,299,307,155
697,16/05/2013,385,324,401,326,319,164
698,23/05/2013,417,355,430,368,377,195
699,30/05/2013,432,373,450,393,400,231
700,6/06/2013,448,391,466,393,403,248
701,13/06/2013,471,421,485,433,443,294
702,20/06/2013,494,421,508,407,441,301
703,27/06/2013,493,417,520,422,403,279
704,4/07/2013,489,401,514,421,414,268
705,11/07/2013,471,367,501,400,343,262
706,18/07/2013,504,403,525,436,293,279
707,25/07/2013,517,411,530,429,387,297
708,1/08/2013,499,392,513,385,393,299
709,8/08/2013,475,376,494,394,381,281
710,15/08/2013,453,342,481,376,337,256
711,22/08/2013,432,323,465,334,342,227
712,29/08/2013,453,333,472,322,409,220
713,5/09/2013,418,325,436,295,358,228
714,12/09/2013,438,352,448,299,359,232
715,19/09/2013,454,392,460,356,378,257
716,26/09/2013,446,362,452,324,394,256
717,3/10/2013,426,336,439,309,376,226
718,10/10/2013,421,395,424,347,421,235
719,17/10/2013,398,339,403,291,389,226
720,24/10/2013,395,339,402,301,375,192
721,31/10/2013,392,335,401,286,365,179
722,7/11/2013,410,352,413,299,401,199
723,14/11/2013,415,355,421,323,372,218
724,21/11/2013,407,348,418,338,363,202
725,28/11/2013,415,356,425,318,394,205
726,5/12/2013,416,362,425,337,475,232
727,12/12/2013,407,373,424,328,405,218
728,19/12/2013,409,368,425,330,376,192
729,26/12/2013,415,376,421,343.3333333,350,182
730,2/01/2014,413,370.5,426.5,356.6666667,368.5,193.5
731,9/01/2014,411,365,432,370,387,205
732,16/01/2014,380,338,418,353,323,172
733,23/01/2014,419,366,438,330,350,160
734,30/01/2014,466,389,477,400,359,195
735,6/02/2014,492,402,505,427,393,192
736,13/02/2014,504,408,538,445,411,213
737,20/02/2014,523,430,548,464,403,239
738,27/02/2014,544,436,561,459,436,263
739,6/03/2014,573,492,583,530,526,293
740,13/03/2014,580,485,602,505,509,329
741,20/03/2014,571,494,584,478,466,294
742,27/03/2014,561,489,579,494,469,314
743,3/04/2014,554,484,573,515,547,337
744,10/04/2014,585,518,599,554,541,361
745,17/04/2014,595,526,608,513,604,362
746,24/04/2014,612,554,616,539,612,394
747,1/05/2014,580,495,596,520,576,350
748,8/05/2014,567,519,577,514,591,350
749,15/05/2014,573,516,578,524,487,335
750,22/05/2014,572,496,580,513,530,339
751,29/05/2014,558,487,581,513,480,338
752,5/06/2014,595,539,603,552,550,380
753,12/06/2014,576,505,597,500,525,372
754,19/06/2014,586,538,602,552,558,391
755,26/06/2014,580,524,598,543,436,375
756,3/07/2014,570,527,585,528,507,378
757,10/07/2014,559,511,567,524,473,347
758,17/07/2014,551,508,563,522,570,360
759,24/07/2014,535,488,546,490,419,356
760,31/07/2014,473,395,495,398,467,330
761,7/08/2014,499,378,505,399,429,315
762,14/08/2014,470,401,479,379,511,332
763,21/08/2014,479,428,480,399,448,355
764,28/08/2014,455,418,454,386,513,340
765,4/09/2014,471,442,462,390,357,336
766,11/09/2014,492,455,481,417,499,346
767,18/09/2014,468,449,464,400,485,326
768,25/09/2014,480,468,466,404,478,329
769,2/10/2014,479,437,471,423,441,329
770,9/10/2014,463,437,455,387,500,333
771,16/10/2014,463,429,457,404,516,317
772,23/10/2014,464,419,458,386,495,288
773,30/10/2014,472,422,465,402,494,288
774,6/11/2014,465,431,453,417,491,322
775,13/11/2014,475,434,463,387,508,321
776,20/11/2014,482,441,471,396,525,306
777,27/11/2014,501,434,491,411,505,297
778,4/12/2014,513,474,519,442,547,322
779,11/12/2014,526,462,534,451,554,333
780,18/12/2014,548,503,562,479,539,337
781,25/12/2014,568,511,539,477.3333333,617,252
782,1/01/2015,561.5,511,546,475.6666667,594,300
783,8/01/2015,555,511,553,474,571,348
784,15/01/2015,567,539,572,495,612,369
785,22/01/2015,547,520,566,498,598,342
786,29/01/2015,544,524,568,518,576,352
787,5/02/2015,563,526,593,522,571,358
788,12/02/2015,534,513,559,494,543,346
789,19/02/2015,514,477,533,461,533,349
790,26/02/2015,528,508,542,503,527,352
791,5/03/2015,523,516,530,494,509,366
792,12/03/2015,508,487,516,458,497,356
793,19/03/2015,491,433,500,413,465,316
794,26/03/2015,521,468,529,465,489,343
795,2/04/2015,517,481,524,452,528,333
796,9/04/2015,551,528,555,506,570,382
797,16/04/2015,528,490,536,490,545,375
798,23/04/2015,554,528,564,516,575,400
799,30/04/2015,556,522,564,512,553,376
800,7/05/2015,578,530,587,516,553,360
801,14/05/2015,576,535,597,531,568,362
802,21/05/2015,578,528,586,511,569,380
803,28/05/2015,572,514,588,535,536,366
804,4/06/2015,589,565,601,554,614,400
805,11/06/2015,587,569,593,539,537,399
806,18/06/2015,575,555,581,531,525,393
807,25/06/2015,596,574,597,561,586,402
808,2/07/2015,597,563,604,547,553,395
809,9/07/2015,577,550,570,547,495,394
810,16/07/2015,598,548,592,541,544,402
811,23/07/2015,580,536,581,531,479,389
812,30/07/2015,598,503,604,537,540,385
813,6/08/2015,593,538,598,547,584,379
814,13/08/2015,593,541,596,533,566,377
815,20/08/2015,577,541,584,519,529,368
816,27/08/2015,602,553,607,529,587,387
817,3/09/2015,598,549,593,546,592,388
818,10/09/2015,579,540,578,519,573,384
819,17/09/2015,533,499,528,463,582,357
820,24/09/2015,528,488,522,435,583,350
821,1/10/2015,529,508,513,472,572,329
822,8/10/2015,496,449,489,453,547,284
823,15/10/2015,479,440,483,383,508,304
824,22/10/2015,514,461,500,448,557,317
825,29/10/2015,517,468,516,448,549,345
826,5/11/2015,535,486,525,483,539,347
827,12/11/2015,540,492,533,473,576,334
828,19/11/2015,522,500,525,456,575,331
829,26/11/2015,536,495,545,463,580,332
830,3/12/2015,537,483,554,473,538,325
831,10/12/2015,512,483,536,442,534,286
832,17/12/2015,506,452,523,395,536,260
833,24/12/2015,539,538,527,314,513,247
834,31/12/2015,537,518.5,531,399.5,514,275
835,7/01/2016,535,499,535,485,515,303
836,14/01/2016,525,471,538,478,542,305
837,21/01/2016,521,477,546,482,527,273
838,28/01/2016,561,506,563,464,565,295
839,4/02/2016,560,551,563,520,591,326
840,11/02/2016,542,534,541,492,554,321
841,18/02/2016,528,526,526,501,574,303
842,25/02/2016,534,530,536,502,557,315
843,3/03/2016,516,518,513,483,539,296
844,10/03/2016,496,501,497,479,518,283
845,17/03/2016,515,505,513,479,534,279
846,24/03/2016,523,525,512,483,548,297
847,31/03/2016,515,507,513,463,561,287
848,7/04/2016,511,507,504,472,540,310
849,14/04/2016,498,483,492,464,505,311
850,21/04/2016,504,480,505,464,474,318
851,28/04/2016,512,507,510,495,513,322
852,5/05/2016,520,524,520,492,526,351
853,12/05/2016,555,542,553,526,530,343
854,19/05/2016,558,563,563,522,549,363
855,26/05/2016,585,580,593,554,562,386
856,2/06/2016,594,593,603,565,634,388
857,9/06/2016,596,598,608,570,644,397
858,16/06/2016,604,587,610,564,589,389
859,23/06/2016,633,598,645,566,646,415
860,30/06/2016,646,620,658,593,608,417
861,7/07/2016,617,588,640,593,559,378
862,14/07/2016,629,595,649,605,569,394
863,21/07/2016,617,564,628,580,515,379
864,28/07/2016,635,570,640,565,636,385
865,4/08/2016,652,579,650,560,537,387
866,11/08/2016,639,586,643,564,618,393
867,18/08/2016,601,541,605,526,593,390
868,25/08/2016,577,521,593,481,622,396
869,1/09/2016,582,555,591,542,611,415
870,8/09/2016,606,589,607,548,608,408
871,15/09/2016,622,615,617,581,646,418
872,22/09/2016,636,617,634,587,655,408
873,29/09/2016,600,595,596,540,666,398
874,6/10/2016,600,617,596,567,669,417
875,13/10/2016,566,578,554,512,614,381
876,20/10/2016,551,544,540,511,644,361
877,27/10/2016,571,583,573,512,618,363
878,3/11/2016,552,581,551,545,622,361
879,10/11/2016,550,558,544,528,622,363
880,17/11/2016,552,568,552,526,643,388
881,24/11/2016,543,561,539,510,638,392
882,1/12/2016,542,577,543,507,650,390
883,8/12/2016,529,545,535,472,605,362
884,15/12/2016,510,551,521,510,638,363
885,22/12/2016,527.8,560.4,539.4,517,640.6,371.4
886,29/12/2016,545.6,569.8,557.8,524,643.2,379.8
887,5/01/2017,563.4,579.2,576.2,531,645.8,388.2
888,12/01/2017,581.2,588.6,594.6,538,648.4,396.6
889,19/01/2017,599,598,613,545,651,405
890,26/01/2017,607,595,626,552,635,380
891,2/02/2017,638,621,653,575,700,413
892,9/02/2017,651,624.5,662.5,590.5,701.5,419
893,16/02/2017,664,628,672,606,703,425
894,23/02/2017,633,621,640,605,673,406
895,2/03/2017,600,587,613,558,629,406
896,9/03/2017,611,597,618,575,623,396
897,16/03/2017,620,605,621,569,632,401
898,23/03/2017,631,629,642,600,681,440
899,30/03/2017,658,666,656,619,734,450
900,6/04/2017,684,690,679,646,766,500
901,13/04/2017,673,680,673,616,718,506
902,20/04/2017,656,673,641,630,807,500
903,27/04/2017,639,666,625,610,759,486
904,4/05/2017,628,654,624,606,743,496
905,11/05/2017,637.5,657,630.5,614.5,747,505
906,18/05/2017,647,660,637,623,751,514
907,25/05/2017,662,663,646,635,708,528
908,1/06/2017,664,674,648,620,731,524
909,8/06/2017,670,682,650,648,757,521
910,15/06/2017,657,652,644,622,687,518
911,22/06/2017,655,643,633,605,669,501
912,29/06/2017,628,608,615,589,636,480
913,6/07/2017,575,560,575,547,567,438
914,13/07/2017,603,580,603,561,529,437
915,20/07/2017,628,606,616,577,700,438
916,27/07/2017,580,530,579,510,666,396
917,3/08/2017,597,576,592,537,593,414
918,10/08/2017,606,596,592,562,621,439
919,17/08/2017,593,603,575,566,627,434
920,24/08/2017,621,601,610,576,665,415
921,31/08/2017,632,615,617,553,718,414
922,7/09/2017,611,586,613,562,593,415
923,14/09/2017,597,568,600,543,603,417
924,21/09/2017,601,590,593,542,645,412
925,28/09/2017,604,572,606,525,648,380
926,5/10/2017,603,575,598,533,664,375
927,12/10/2017,613,616,613,528,660,409
928,19/10/2017,637,616,629,566,657,424
929,26/10/2017,634,630,634,571,696,448
930,2/11/2017,623,630,622,603,685,451
931,9/11/2017,637,648,639,613,727,446
932,16/11/2017,622,612,623,556,654,445
933,23/11/2017,624,618,622,563,690,458
934,30/11/2017,623,629,636,570,692,461
935,7/12/2017,651,667,655,602,727,478
936,14/12/2017,656,654,653,605,730,476
937,21/12/2017,675,675,680,623,743,456
938,28/12/2017,666.6666667,665.3333333,673,620,730,451
939,4/01/2018,658.3333333,655.6666667,666,617,717,446
940,11/01/2018,650,646,659,614,704,441
941,18/01/2018,616,605,625,587,662,406
942,25/01/2018,628,626,631,589,612,395
943,1/02/2018,637,628,643,602,693,420
944,8/02/2018,621,613,623,576,632,417
945,15/02/2018,596,577,614,577,599,382
946,22/02/2018,617,593,626,595,633,386
947,1/03/2018,621,611,626,582,666,420
948,8/03/2018,599,606,602,582,627,414
949,15/03/2018,607,591,622,603,597,440
950,22/03/2018,619,633,627,599,662,437
951,5/04/2018,596,596,602,560,606,447
952,12/04/2018,577,550,576,552,548,433
953,19/04/2018,570,561,583,544,521,414
954,26/04/2018,598,581,594,555,593,440
955,3/05/2018,595,591,590,569,600,432
956,10/05/2018,592,579,593,567,592,448
957,17/05/2018,610,597,616,582,538,470
958,24/05/2018,600,593,607,575,571,469
959,31/05/2018,611,585,615,591,586,467
960,7/06/2018,636,623,627,603,562,478
961,14/06/2018,653,624,647,612,520,478
962,21/06/2018,651,630,656,615,539,498
963,28/06/2018,699,652,697,645,578,515
964,5/07/2018,695,647,729,648,619,516
965,12/07/2018,714,661,738,674,624,512
966,19/07/2018,748,672,792,677,564,514
967,26/07/2018,791,686,835,701,643,477
968,2/08/2018,783,635,843,682,534,434
969,9/08/2018,764,619,804,664,526,431
970,16/08/2018,819,702,895,687,577,438
971,23/08/2018,857,749,900,744,692,446
972,30/08/2018,891,763,929,750,786,472
973,6/09/2018,868,806,895,790,808,484
974,13/09/2018,811,737,839,708,777,498
975,20/09/2018,791,707,798,681,743,493
976,27/09/2018,726,630,755,589,669,417
977,4/10/2018,696,650,700,599,678,421
978,11/10/2018,712,658,714,610,654,437
979,18/10/2018,746,698,749,621,755,462
980,25/10/2018,787,744,814,712,780,469
981,1/11/2018,717,676,751,616,703,438
982,8/11/2018,684,676,709,621,703,443
983,15/11/2018,698,688,716,620,743,444
984,22/11/2018,712,683,725,616,713,444
985,29/11/2018,703,687,729,614,732,456
986,6/12/2018,670,646,697,605,661,433
987,13/12/2018,667,624,677,578,657,422
988,20/12/2018,683,658,675,618,668,422
989,27/12/2018,667,672,654,616.5,633,414.5
990,3/01/2019,651,686,633,615,598,407
991,10/01/2019,661,655,656,609,687,423
992,17/01/2019,640,609,634,584,606,382
993,24/01/2019,667,653,660,612,625,401
994,31/01/2019,658,642,647,655,615,403
995,7/02/2019,629,606,623,582,595,379
996,14/02/2019,634,602,641,574,640,391
997,21/02/2019,659,644,662,612,637,417
998,28/02/2019,649,646,645,609,628,415
999,7/03/2019,632,623,628,590,589,385
1000,14/03/2019,631,635,634,606,594,396
1001,21/03/2019,637,614,627,579,617,418
1002,28/03/2019,682,679,669,649,714,488
1003,4/04/2019,701,685,687,666,709,521
1004,11/04/2019,714,704,700,693,740,532
1005,18/04/2019,724,728,707,653,708,519
1006,25/04/2019,718,722,705,694,739,498
1007,2/05/2019,761,757,723,734,797,547
1008,9/05/2019,780,776,758,750,891,558
1009,16/05/2019,799,782,783,745,837,554
1010,23/05/2019,830,793,834,780,875,567
1011,30/05/2019,896,837,921,827,870,595
1012,6/06/2019,889,772,883,751,859,579
1013,13/06/2019,851,784,886,773,752,584
1014,20/06/2019,895,809,927,822,826,592
1015,27/06/2019,910,810,937,820,819,577
1016,4/07/2019,920,846,965,862,867,589
1017,11/07/2019,957,863,977,865,891,571
1018,18/07/2019,961,891,1005,873,839,626
1019,25/07/2019,933,857,979,850,924,604
1020,1/08/2019,882,818,898,786,839,577
1021,8/08/2019,856,817,887,783,858,591
1022,15/08/2019,837,804,833,779,864,582
1023,22/08/2019,818,772,812,750,883,601
1024,29/08/2019,816,757,812,730,852,588
1025,5/09/2019,816,786,816,759,801,579
1026,12/09/2019,833,755,847,740,848,542
1027,19/09/2019,816,774,819,735,839,523
1028,26/09/2019,823,787,816,744,872,578
1029,3/10/2019,821,782,818,756,874,588
1030,10/10/2019,828,824,830,779,900,594
1031,17/10/2019,807,774,797,707,857,578
1032,24/10/2019,783,757,783,712,829,577
1033,31/10/2019,770,718,774,697,789,542
1034,7/11/2019,772,759,768,701,813,573
1035,14/11/2019,754,748,746,712,802,580
1036,21/11/2019,732,743,723,718,775,579
1037,28/11/2019,739,735,731,705,764,577
1038,5/12/2019,739,751,737,726,741,564
1039,12/12/2019,715,704,719,666,695,548
1040,19/12/2019,729,743,728,657,729,471
1041,26/12/2019,733.6666667,745.3333333,725.6666667,672.6666667,735,504.3333333
1042,2/01/2020,738.3333333,747.6666667,723.3333333,688.3333333,741,537.6666667
1043,9/01/2020,743,750,721,704,747,571
1044,16/01/2020,756,746,733,727,784,555
1045,23/01/2020,780,790,776,759,842,576
